parasite,analysis,Fluorescence Signal/Area before replication,Time to last replication,Time last replication to egress,Start 1st replication,End 1st Replication,Lenght 1st round of Replication (min),1st Division,Time between Replication end and division ,Start 2nd replication,Time between 1st & 2nd replication,Time between division & 2nd replication,End 2nd round of replication,Lenght 2nd round of replication,Start 3rd round of replication,End 3rd round of replication ,Lenght 3rd round of replication,Time between 2nd & 3rd round of replication,2nd Divison,Time between 2rd round & 2nd Division,Start 4th,End 4th,Lenght 4th,Start 5th,End 5th,Lenght 5th,3rd Division,Time between 3rd round and 3rd Division,Time between 2nd Div & 4th Rep,Time between 2nd Div & 5th Rep,Synchronous first,Bridge,Comment
,,,,,,,,,,,,,,,,,,,,,,,,,,,,,,,,,
01a,20181219,,,165,,,,,,,,,,,,,,,,,,,,,,,,,,,,,
04a,20181219,,,185,,,,,,,,,,,,,,,,,,,,,,,,,,,,,
04b,20181219,104.7231626,,,29,40,55,55,75,62,110,35,69,35,69,77,40,0,79,40,83,90,35,,,,86,45,20,,no,,
6,20181219,,,165,,,,,,,,,,,,,,,,,,,,,,,,,,,,,
8,20181219,48.5079954,,,4,13,45,23,50,30,85,35,36,30,36,43,35,0,45,35,48,57,45,49,57,40,,,15,20,no,,Tree of lineage
9,20181219,133.1231047,650,150,7,18,55,29,55,34,80,25,41,35,40,46,30,-5,49,,,,,,,,,,,,no,,Tree of lineage
10a,20181219,,,155,,,,,,,,,,,,,,,,,,,,,,,,,,,,,
11,20181219,,,220,,,,,,,,,,,,,,,,,,,,,,,,,,,,,
12,20181219,32.96679363,,,69,79,50,100,105,103,120,15,109,30,106,113,35,-15,123,20,126,,,127,135,40,123,50,15,20,no,,non syn replication/ syn division
16,20181219,230.4050105,600,155,3,13,50,24,55,34,105,50,41,35,39,47,40,-10,,,,,,,,,,,,,no,,Tree of lineage
,,,,,,,,,,,,,,,,,,,,,,,,,,,,,,,,,
01b,20190131,,,145,,,,,,,,,,,,,,,,,,,,,,,,,,,,,
5,20190131,1263.261073,,,20,28,40,53,125,,,,,,,,,,,,,,,,,,,,,,,,
10a,20190131,,,140,,,,,,,,,,,,,,,,,,,,,,,,,,,,,
12b,20190131,,,130,,,,,,,,,,,,,,,,,,,,,,,,,,,,,
16a,20190131,,,175,,,,,,,,,,,,,,,,,,,,,,,,,,,,,
16b,20190131,,,135,,,,,,,,,,,,,,,,,,,,,,,,,,,,,
,,,,,,,,,,,,,,,,,,,,,,,,,,,,,,,,,
1,20190322,,,165,,,,,,,,,,,,,,,,,,,,,,,,,,,,,
2,20190322,,,165,,,,,,,,,,,,,,,,,,,,,,,,,,,,,
4,20190322,216.1782585,,,2,14,60,26,60,39,125,65,45,30,47,53,30,10,,,,,,,,,,,,,no,,Too unclear
5,20190322,,,160,,,,,,,,,,,,,,,,,,,,,,,,,,,,,
6,20190322,,,145,,,,,,,,,,,,,,,,,,,,,,,,,,,,,
9,20190322,,,175,,,,,,,,,,,,,,,,,,,,,,,,,,,,,
11,20190322,,,140,,,,,,,,,,,,,,,,,,,,,,,,,,,,,
12,20190322,,,140,,,,,,,,,,,,,,,,,,,,,,,,,,,,,
14,20190322,,,155,,,,,,,,,,,,,,,,,,,,,,,,,,,,,
,,,,,,,,,,,,,,,,,,,,,,,,,,,,,,,,,
1,20190429,,,255,,,,,,,,,,,,,,,,,,,,,,,,,,,,,
4,20190429,,,195,,,,,,,,,,,,,,,,,,,,,,,,,,,,,
5,20190429,760.4388614,705,190,31,43,60,65,110,77,170,60,86,45,78,88,50,-40,102,10,106,,,,,,,,20,,no,,
06a,20190429,342.7174626,760,110,23,39,80,,,63,120,,,,,,,,,,,,,,,,,,,, - ,,No clear first division
6b,20190429,,,215,,,,,,,,,,,,,,,,,,,,,,,,,,,,,
7,20190429,,,170,,,,,,,,,,,,,,,,,,,,,,,,,,,,,
8,20190429,375.3941645,695,170,20,29,45,54,,55,,,64,45,56,66,50,-40,,,80,,,,,,,,,,no,,Unclear after first division
9,20190429,,750,180,,,,,,,,,,,,,,,,,,,,,,,,,,,,,
12a,20190429,,845,105,20,36,80,59,115,62,130,15,72,50,71,80,45,-5,82,40,87,,,87,,,,,25,,no,,Unclear after first division
13,20190429,462.724169,650,220,33,42,45,71,145,76,170,25,82,30,78,86,40,-20,,,101,,,101,,,,,,,no,,
14,20190429,,660,90,,6,,19,65,29,115,50,36,35,30,38,40,-30,,,,,,,,,,,,,yes,no,
16,20190429,,,180,,,,,,,,,,,,,,,,,,,,,,,,,,,,,
,,,,,,,,,,,,,,,,,,,,,,,,,,,,,,,,,
2,20190731,,,160,,,,,,,,,,,,,,,,,,,,,,,,,,,,,
3,20190731,408.4919633,,,13,26,65,44,90,48,110,20,58,50,48,58,50,-50,,,,,,,,,,,,,yes,yes,"synchronous first division, tree of lineage"
5,20190731,,,175,,,,,,,,,,,,,,,,,,,,,,,,,,,,,
7,20190731,,,,,12,,27,75,34,110,35,43,45,50,59,45,35,,,68,,,,,,,,,,no,,not very clear
08I,20190731,,,,25,40,75,59,95,66,130,35,,,,,,,,,,,,,,,,,,, - ,,
09a,20190731,232.1287776,,,8,21,65,38,85,45,120,35,55,50,62,70,40,35,,,,,,,,,,,,,no,,
10I,20190731,,,,9,28,95,,,,,,,,,,,,,,,,,,,,,,,,,,Double infection; unclear
11,20190731,,,,,,,,,,,,,,,,,,,,,,,,,,,,,,,,Unclear
12,20190731,142.346122,,,8,16,40,26,50,38,110,60,43,25,47,53,30,20,51,50,56,62,30,63,71,40,,,25,60,no,,Tree of lineage
13,20190731,657.6123372,,,19,28,45,48,100,60,160,60,65,25,61,68,35,-20,,,,,,,,,,,,,no,,
15,20190731,,,,,,,,,,,,,,,,,,,,,,,,,,,,,,,,Unclear
16,20190731,,,,,,,,,,,,,,,,,,,,,,,,,,,,,,,,
18,20190731,,,,,,,,,,,,,,,,,,,,,,,,,,,,,,,,Unclear
19,20190731,633.6521066,,,35,43,40,63,100,66,115,15,72,30,72,78,30,0,,,,,,,,,,,,,no,,
20a,20190731,476.9372102,,,106,117,55,,,,,,,,,,,,,,,,,,,,,,,, - ,,Only clear for first replication
20b,20190731,,,,,9,,30,105,30,105,0,42,60,30,42,60,-60,55,0,56,64,40,56,,,55,65,5,5,yes,yes,"synchronous first division, tree of lineage"
21,20190731,502.9942115,,,68,79,55,96,85,106,135,50,114,40,107,118,55,-35,,,,,,,,,,,,,yes,unclear,
22,20190731,,,,,,,,,,,,,,,,,,,,,,,,,,,,,,,,Unclear
,,,,,,,,,,,,,,,,,,,,,,,,,,,,,,,,,
1,20190806,,,150,,,,,,,,,,,,,,,,,,,,,,,,,,,,,
03I,20190806,,,,,9,,23,70,32,115,45,37,25,35,42,35,-10,,,,,,,,,,,,,no,,Double infection
03II,20190806,,,,16,24,40,44,100,54,150,50,60,30,,,,,,,,,,,,,,,,,no,,
4,20190806,637.7539495,,,44,59,75,82,115,83,120,5,97,70,83,97,70,-70,,,,,,,,,,,,,yes,yes,Synchronous
,20190806,,,,,,,,,,,,,,,,,,,,,,,,,,,,,,,,
06I,20190806,,600,195,,6,,17,55,28,110,55,35,35,39,46,35,20,44,55,51,58,35,51,,,,,35,35,no,,Double infection; tree
06II,20190806,,,,24,37,65,,,,,,,,,,,,,,,,,,,,,,,, - ,,
10,20190806,,,,,,,,,,,,,,,,,,,,,,,,,,,,,,,,Unclear
11,20190806,280.1565695,,,84,99,75,127,140,132,165,25,147,75,132,147,75,-75,,,,,,,,,,,,,yes,yes,Synchronous
15,20190806,424.9293822,,,28,41,65,57,80,63,110,30,71,40,73,80,35,10,,,,,,,,,,,,,no,,
17,20190806,,,,,,,,,,,,,,,,,,,,,,,,,,,,,,,,Unclear
18,20190806,,,,,,,,,,,,,,,,,,,,,,,,,,,,,,,,No replication
20a,20190806,,715,200,,9,,23,70,35,130,60,43,40,47,53,30,20,50,50,56,63,35,61,68,35,,,30,55,no,,