Slice;Time;r_20181219_09;c_20181219_09;g_20181219_09;r_20181219_16;c_20181219_16;g_20181219_16;r_20190429_05;c_20190429_05;g_20190429_05;r_20190429_06a;c_20190429_06a;g_20190429_06a;r_20190429_08;c_20190429_08;g_20190429_08;g_20190429_09;r_20190429_12a;c_20190429_12a;g_20190429_12a;r_20190429_13;c_20190429_13;g_20190429_13;r_20190429_14;c_20190429_14;g_20190429_14;r_20190731_20b;c_20190731_20b;r_20190806_06;c_20190806_06;r_20190806_20a;c_20190806_20a;r_20200801_01a;c_20200801_01a;g_20200801_01a;r_20200801_01b;c_20200801_01b;g_20200801_01b;r_20200801_02;c_20200801_02;g_20200801_02;r_20200801_03;c_20200801_03;g_20200801_03;r_20200801_04;c_20200801_04;g_20200801_04;r_20200801_10;c_20200801_10;g_20200801_10;r_20200801_11;c_20200801_11;g_20200801_11;r_20200801_12;c_20200801_12;g_20200801_12;r_20200801_13;c_20200801_13;g_20200801_13;r_20200801_14;c_20200801_14;g_20200801_14;r_20200801_16;c_20200801_16;g_20200801_16;r_20200801_17a;c_20200801_17a;g_20200801_17a;r_20200801_18a;c_20200801_18a;g_20200801_18a;r_20200801_19;c_20200801_19;g_20200801_19;r_20200801_20a;c_20200801_20a;g_20200801_20a;;r_20181219_01b;c_20181219_01b;r_20181219_04b;c_20181219_04b;r_20181219_5;c_20181219_5;r_20181219_8;c_20181219_8;r_20181219_12;c_20181219_12;r_20181219_14;c_20181219_14;r_20190131_3;c_20190131_3;r_20190131_5;c_20190131_5;r_20190131_8II;c_20190131_8II;r_20190322_4;c_20190322_4;r_20190322_7;c_20190322_7;r_20190429_11;c_20190429_11;r_20190731_3;c_20190731_3;r_20190731_7;c_20190731_7;r_20190731_8I;c_20190731_8I;r_20190731_9;c_20190731_9;r_20190731_11;c_20190731_11;r_20190731_12;c_20190731_12;r_20190731_13;c_20190731_13;r_20190731_15;c_20190731_13;r_20190731_18;c_20190731_18;r_20190731_19;c_20190731_19;r_20190731_21;c_20190731_21
1;0;0;0;3783;0;0;5435;0;0;10696;0;0;3114;0;0;6506;8103;0;0;6221;0;0;11182;1;1;5814;1;1;1;1;1;1;;;2800;;;2840;;;2716;0;0;3374;1;1;4076;;;3328;1;1;4604;;;2497;;;3219;;;3014;;;2514;1;1;3345;1;1;3789;;;2628;;;2778;;;;;;;;;;;;;;;;;;;;0;0;;;;;;;1;1;;;;;0;0;;;;;;;;;;;;
2;5;0;0;4104;0;0;5610;0;0;10275;0;0;2962;0;0;5987;8033;0;0;6799;0;0;10591;1;1;5684;1;1;1;1;1;1;;;2924;;;2881;;;2755;1;1;4032;1;1;4170;;;3379;1;1;4238;;;2465;;;3142;;;2995;;;2522;1;1;3521;1;1;3445;;;2637;;;2757;;;;;;;;;;;;;;;;;;;;1;1;;;;;;;1;1;;;;;1;1;;;;;;;;;;;;
3;10;0;0;4030;1;1;6892;0;0;10373;0;0;3333;0;0;6379;8441;0;0;6503;0;0;11730;1;1;5331;1;1;1;1;1;1;;;2825;;;2999;;;2701;1;1;3744;1;1;3675;;;3336;1;1;4699;;;2441;;;3037;;;2998;;;2474;1;1;3187;1;1;3164;;;2550;;;2823;;;;;;;;0;0;;;;;;;;;;;1;1;;;;;;;1;1;;;;;1;1;;;;;;;;;;;;
4;15;0;0;3967;1;1;6070;0;0;10013;0;0;3163;0;0;6135;8010;0;0;6323;0;0;10690;1;1;4435;1;1;1;1;1;1;;;2856;;;3049;;;2747;1;1;3981;1;1;3544;;;3404;1;1;4036;;;2460;;;3154;;;3021;;;2556;0;0;3212;0;0;3017;;;2662;0;0;3059;;;;;;;;1;1;;;;;;;;;;;1;1;;;;;;;1;1;;;;;1;1;;;;;;;;;;;;
5;20;0;0;4052;1;1;7512;0;0;10154;0;0;3260;0;0;6364;7706;0;0;6740;0;0;10511;1;1;4475;1;1;1;1;1;1;;;2772;;;2845;;;2859;1;1;3985;1;1;3566;;;3496;0;0;3859;;;2517;;;3094;;;2988;;;2561;0;0;3156;0;0;3027;;;2679;1;1;3656;;;;;;;;1;1;;;;;;;;;;;1;1;;;;;;;1;1;;;;;1;1;;;;;;;;;;;;
6;25;0;0;3995;1;1;6967;0;0;10917;0;0;3322;0;0;6198;8415;0;0;6907;0;0;10901;0;0;3981;1;1;0;0;1;1;;;2899;;;2917;;;2825;1;1;3790;1;1;3234;;;3462;0;0;3927;;;2499;;;3216;;;3021;;;2489;0;0;3110;0;0;3042;;;2715;1;1;3874;;;;;;;;1;1;;;;;;;;;;;1;1;;;;;;;1;1;;;;;1;1;;;;;;;;;;;;
7;30;1;1;5457;1;1;7818;0;0;9483;0;0;3243;0;0;6300;8225;0;0;6537;0;0;11439;0;0;4150;1;1;0;0;0;0;;;2939;;;2940;;;2766;1;1;3723;1;1;3225;;;3473;0;0;3848;;;2637;;;3080;;;3131;;;2641;0;0;3159;0;0;2972;;;2770;1;1;3759;;;;;;;;1;1;;;;;;;;;;;1;1;;;;;;;1;1;;;0;0;1;1;0;0;;;;;;;;;;
8;35;1;1;7046;1;1;7991;0;0;10192;0;0;3285;0;0;6161;8227;0;0;7348;0;0;11749;0;0;4168;1;1;0;0;0;0;;;2953;;;2908;;;2816;1;1;3810;0;0;3166;;;3374;0;0;3707;;;2455;;;3304;;;2896;;;2504;0;0;3179;0;0;3016;;;2725;1;1;3582;;;;;;;;1;1;;;;;;;;;;;1;1;;;;;;;1;1;;;1;1;1;1;1;1;;;;;;;;;;
9;40;1;1;5501;1;1;7919;0;0;11104;0;0;3237;0;0;6705;8221;0;0;6619;0;0;10840;0;0;4031;0;0;0;0;0;0;;;3001;;;2906;;;2839;1;1;3432;0;0;3233;0;0;3399;0;0;3794;;;2447;;;3078;;;3075;;;2438;0;0;3130;0;0;2977;;;2676;1;1;2789;;;;;;;;1;1;;;;;0;0;;;;;1;1;;;;;;;1;1;;;1;1;1;1;1;1;;;;;;;;;;
10;45;1;1;5603;1;1;8264;0;0;10786;0;0;3309;0;0;5964;8809;0;0;6787;0;0;11209;0;0;4106;0;0;0;0;0;0;;;2953;;;2987;;;2780;0;0;3254;0;0;3284;1;1;4422;0;0;3718;;;2414;;;3101;;;2977;;;2470;0;0;3205;0;0;2875;;;2686;1;1;3760;;;;;;;;1;1;;;;;1;1;;;;;1;1;;;;;;;1;1;;;1;1;1;1;1;1;;;;;;;;;;
11;50;1;1;5490;1;1;6182;0;0;10143;0;0;3203;0;0;5875;8338;0;0;7025;0;0;11958;0;0;4395;0;0;0;0;0;0;;;3039;;;2992;;;2819;0;0;3057;0;0;3231;1;1;4608;0;0;3583;;;2481;;;3065;;;3048;;;2373;0;0;3090;0;0;2792;;;2694;1;1;2870;;;;;;;;1;1;;;;;1;1;;;;;1;1;;;;;;;1;1;;;1;1;1;1;1;1;;;;;;;;;;
12;55;1;1;5298;1;1;5618;0;0;10550;0;0;3293;0;0;5933;8457;0;0;7192;0;0;11512;0;0;4130;0;0;0;0;0;0;;;2780;;;2786;;;2814;0;0;3114;0;0;3124;1;1;4902;0;0;3483;;;2499;;;3129;;;3020;;;2502;0;0;3378;0;0;2817;;;2697;1;1;3475;;;;;;;;1;1;;;;;1;1;;;;;1;1;;;;;0;0;0;0;;;1;1;1;1;1;1;;;;;;;;;;
13;60;1;1;5085;0;0;5570;0;0;9650;0;0;3396;0;0;5820;8453;0;0;6181;0;0;11701;0;0;4507;0;0;0;0;0;0;;;3018;;;2928;;;2884;0;0;3171;0;0;3048;1;1;4738;0;0;3359;;;2472;;;3073;;;3045;;;2659;0;0;3174;0;0;2954;;;2759;1;1;3872;;;;;;;;0;0;;;;;1;1;;;;;1;1;;;;;1;1;0;0;;;1;1;1;1;1;1;;;;;;;;;;
14;65;1;1;4673;0;0;5374;0;0;9604;0;0;3335;0;0;6520;9081;0;0;6423;0;0;11112;0;0;4139;0;0;0;0;0;0;;;2994;;;3008;;;2822;0;0;3389;0;0;3069;1;1;4421;0;0;3297;;;2475;;;2957;;;3006;;;2597;0;0;3050;0;0;2779;;;2650;1;1;3994;;;;;;;;0;0;;;;;1;1;;;;;0;0;;;;;1;1;0;0;;;1;1;;;1;1;;;;;;;;;;
15;70;1;1;4625;0;0;5330;0;0;9824;0;0;3217;0;0;6128;8538;0;0;6326;0;0;11539;0;0;4168;0;0;0;0;0;0;;;2919;;;2859;;;2955;0;0;3028;0;0;3064;1;1;3990;0;0;3648;;;2466;;;2989;;;2962;;;2647;0;0;2895;0;0;2848;;;2821;1;1;3260;;;;;;;;0;0;;;;;1;1;;;;;0;0;;;;;1;1;0;0;;;1;1;;;1;1;;;;;;;;;;
16;75;1;1;4379;0;0;5510;0;0;10203;0;0;3087;0;0;6276;8197;0;0;6296;0;0;11471;0;0;3956;0;0;0;0;0;0;;;3004;;;2954;;;2921;0;0;3049;0;0;3036;1;1;4450;0;0;3808;;;2468;;;3109;;;2972;;;2597;0;0;2978;0;0;2755;;;2710;1;1;3250;;;;;;;;0;0;;;;;1;1;;;;;0;0;;;;;1;1;0;0;;;1;1;;;0;0;;;;;;;;;;
17;80;1;1;4070;0;0;5263;0;0;11284;0;0;3315;0;0;6071;8041;0;0;6657;0;0;11241;0;0;4015;0;0;0;0;0;0;;;2954;;;2914;;;2841;0;0;3291;0;0;3025;1;1;4575;0;0;3575;;;2460;;;3058;;;3149;;;2629;0;0;2914;0;0;2782;;;2691;1;1;3053;;;;;;;;0;0;;;;;1;1;;;;;0;0;;;;;1;1;0;0;;;1;1;;;0;0;;;;;;;;;;
18;85;0;0;3829;0;0;5385;0;0;9987;0;0;3605;0;0;6300;8498;0;0;6817;0;0;11206;0;0;3788;0;0;0;0;0;0;;;2871;;;3013;;;2780;0;0;3236;0;0;3005;1;1;4194;0;0;3600;;;2473;;;3191;;;3003;;;2555;0;0;2978;0;0;2692;;;2720;0;0;3137;;;;;;;;0;0;;;;;1;1;;;;;0;0;;;;;1;1;0;0;;;1;1;;;0;0;0;0;;;;;;;;
19;90;0;0;3703;0;0;5279;0;0;11217;0;0;3730;0;0;6776;8854;0;0;6649;0;0;11330;0;0;3814;0;0;0;0;0;0;;;2868;;;2942;;;2878;0;0;3082;0;0;3093;1;1;4229;0;0;3108;;;2548;;;3085;;;3056;;;2616;0;0;3030;0;0;2956;;;2800;0;0;3070;;;;;;;;0;0;;;;;0;0;0;;;;0;0;;;;;1;1;0;0;;;1;1;;;0;0;1;1;;;;;;;;
20;95;0;0;3894;0;0;5315;0;0;10531;0;0;3520;1;1;6782;8844;1;1;7672;0;0;11672;0;0;3860;0;0;0;0;0;0;0;0;2963;;;2968;;;2959;0;0;3288;0;0;3184;1;1;3845;0;0;3205;;;2466;;;3091;;;3040;;;2580;0;0;3038;0;0;2776;;;2754;0;0;3013;;;;;;;;0;0;;;;;0;0;1;1;;;0;0;;;;;1;1;0;0;;;1;1;;;0;0;1;1;;;;;;;;
21;100;0;0;3799;0;0;5038;0;0;10096;0;0;3333;1;1;8627;7923;1;1;8077;0;0;10667;0;0;3652;0;0;0;0;0;0;1;1;3586;;;2986;;;2931;0;0;2979;0;0;3186;0;0;3786;0;0;3213;;;2494;;;3015;;;3081;;;2594;1;2;3673;0;0;2764;;;2871;0;0;3099;;;;;;;;0;0;;;;;0;0;1;1;;;0;0;;;;;1;1;0;0;;;0;0;;;0;0;1;1;;;;;;;;
22;105;0;0;3827;0;0;4764;0;0;10919;0;0;3249;1;1;9324;8975;1;1;10520;0;0;11513;0;0;3761;0;0;0;0;0;0;1;1;4308;;;3105;;;2967;0;0;2950;0;0;2892;0;0;3491;0;0;3199;;;2492;0;0;3329;;;3045;;;2667;1;2;3976;0;0;2675;;;2810;0;0;2955;;;;;;;;0;0;;;;;0;0;1;1;;;0;0;;;;;1;1;0;0;;;0;0;;;0;0;1;1;;;;;;;;
23;110;0;0;3942;0;0;5206;0;0;11338;1;1;4271;1;1;8986;8743;1;1;9332;0;0;10700;0;0;3711;0;0;0;0;0;0;1;1;3821;;;2892;;;3077;0;0;2895;0;0;2943;0;0;3640;0;0;3296;;;2480;1;1;4084;;;3306;;;2625;1;2;3608;0;0;2747;;;2791;0;0;3045;;;;;;;;0;0;;;;;0;0;1;1;;;0;0;;;;;1;1;0;0;;;0;0;;;0;0;1;1;;;;;;;;
24;115;0;0;4062;0;0;5079;0;0;10999;1;1;4759;1;1;9167;8606;1;1;8590;0;0;10950;0;0;3747;0;0;0;0;0;0;1;1;3792;;;2903;;;2913;0;0;2990;0;0;2972;0;0;3411;0;0;3320;;;2502;1;1;3947;;;3072;;;2664;1;2;3484;0;0;2891;0;0;3072;0;0;3136;;;;;;;;0;0;;;;;0;0;1;1;;;0;0;;;;;1;1;0;0;0;0;0;0;;;0;0;1;1;;;;;;;;
25;120;0;0;3923;0;0;4592;0;0;11495;1;1;4488;1;1;9378;8647;1;1;8392;0;0;11223;0;0;3614;0;0;0;0;0;0;1;1;3554;;;3059;;;3178;0;0;3057;0;0;3029;0;0;3478;1;1;4240;;;2491;1;1;3839;;;3268;;;2626;1;2;3395;1;1;3447;1;1;3515;0;0;3052;;;;;;;;0;0;;;;;0;0;1;1;;;0;0;;;;;1;1;0;0;1;1;0;0;;;0;0;1;1;;;;;;;;
26;125;0;0;3528;0;0;4922;0;0;10275;1;1;4492;1;1;7866;8249;1;1;8623;0;0;11930;0;0;3604;0;0;0;0;0;0;1;1;3279;;;3101;;;3234;0;0;2947;0;0;2904;0;0;3422;1;1;4277;;;2496;1;1;3484;;;2980;;;2626;1;2;3290;1;1;3621;1;1;3804;0;0;3071;;;;;;;;0;0;;;;;0;0;1;1;;;0;0;;;;;0;0;0;0;1;1;0;0;;;0;0;1;1;;;;;;;;
27;130;0;0;3670;0;0;5035;0;0;11411;1;1;4641;1;1;7631;8493;1;1;9731;0;0;11612;0;0;3531;0;0;0;0;0;0;1;1;3458;;;3111;0;0;3173;0;0;3081;1;2;3265;0;0;3517;1;1;4691;;;2509;1;1;4021;;;3123;;;2734;1;2;3430;1;1;3572;1;1;3294;0;0;3015;;;;;;;;0;0;;;;;0;0;1;1;;;0;0;;;;;0;0;0;0;1;1;0;0;;;0;0;1;1;;;;;;;;
28;135;0;0;3590;0;0;5069;0;0;10383;1;1;4450;1;1;6641;8809;1;1;10122;0;0;11203;0;0;3671;0;0;1;1;0;0;1;1;3416;;;3032;1;1;4374;1;2;3634;1;2;3388;0;0;3503;1;1;4844;;;2486;1;1;3701;;;3150;;;2679;1;2;3230;1;1;3810;1;1;3523;0;0;3118;;;;0;;;;0;0;;;;;0;0;0;0;0;0;0;0;;;;;0;0;0;0;1;1;0;0;;;0;0;0;0;;;;;;;;
29;140;0;0;3398;0;0;4900;0;0;10980;1;1;4581;0;0;6861;9614;1;1;9584;0;0;11156;1;1;4232;0;0;1;1;0;0;1;1;3204;;;3239;1;1;4474;1;2;3516;1;2;3406;0;0;3445;1;1;5007;;;2474;1;1;3620;;;3251;;;2705;1;2;3345;1;1;3320;1;1;3221;0;0;3157;;;;1;1;;;0;0;;;;;0;0;0;0;1;1;0;0;;;;;0;0;0;0;1;1;0;0;;;0;0;0;0;;;;;;;;
30;145;0;0;3548;0;0;4794;0;0;11773;1;1;5172;0;0;6753;8875;1;1;10708;0;0;11085;1;2;5359;1;2;1;1;0;0;0;0;3080;;;3152;1;1;3833;1;2;3905;1;2;3782;0;0;3503;1;1;4907;;;2664;0;0;3074;;;3188;;;2719;1;2;3408;0;0;2903;1;1;2985;0;0;2989;;;;1;1;;;1;1;;;;;0;0;0;0;1;1;0;0;;;;;0;0;0;0;1;1;0;0;;;0;0;0;0;;;;;;;;
31;150;0;0;3510;0;0;4789;1;1;15572;1;1;5224;0;0;6321;8393;1;1;10901;0;0;11634;1;2;5032;1;2;1;1;0;0;0;0;2916;;;3121;1;1;3851;1;2;3623;1;2;3413;0;0;3674;1;1;4697;;;2471;0;0;3058;;;3180;;;2736;1;2;3419;0;0;2829;1;1;3202;0;0;3138;;;;1;1;;;1;1;;;;;0;0;0;0;1;1;0;0;;;;;0;0;0;0;1;1;0;0;;;0;0;0;0;;;;;;;;
32;155;0;0;3467;0;0;4594;1;1;17776;1;1;5029;0;0;6785;9646;1;1;9448;0;0;11329;1;2;4470;1;2;1;1;0;0;0;0;3042;0;0;3358;1;1;3880;1;2;3985;1;2;3554;0;0;3973;1;1;4538;;;2534;0;0;3040;;;3146;;;2703;1;2;3192;1;1;2812;1;1;2977;0;0;3077;;;;1;1;;;1;1;;;;;0;0;0;0;1;1;0;0;;;;;0;0;0;0;1;1;0;0;;;0;0;0;0;;;;;;;;
33;160;0;0;3641;0;0;4983;1;1;17330;1;1;5331;0;0;6239;9545;1;1;10004;1;1;12605;1;2;4250;1;2;1;1;0;0;0;0;3029;1;1;3973;1;1;3908;1;2;3734;1;2;3501;0;0;3382;1;2;4435;;;2511;0;0;3040;;;3266;;;2741;0;0;3179;1;1;3230;1;1;2866;0;0;3153;;;;1;1;;;1;1;;;;;0;0;0;0;1;1;0;0;;;;;0;0;0;0;1;1;0;0;;;0;0;0;0;;;;;;;;
34;165;1;1;4187;1;1;6514;1;1;15198;1;1;5021;0;0;6457;8732;1;1;9783;1;1;15088;1;2;4519;1;2;1;1;0;0;0;0;3046;1;1;4150;1;1;3921;1;2;3577;1;2;3447;0;0;3146;1;2;4343;0;0;2492;0;0;3017;;;3269;;;2735;0;0;3148;1;1;3617;1;1;2835;0;0;3125;;;;1;1;;;1;1;;;;;0;0;0;0;1;1;0;0;;;;;0;0;1;1;1;1;0;0;;;0;0;0;0;;;;;0;0;;
35;170;1;1;4244;1;1;8503;1;1;16957;1;1;5068;0;0;6386;8984;1;1;8013;1;1;17521;1;2;4373;1;2;0;0;1;1;0;0;2973;1;1;4246;1;1;4328;1;2;3182;1;2;3374;0;0;3133;1;1;3842;1;1;2820;0;0;2901;;;3468;;;2851;0;0;2957;1;1;3507;0;0;2678;0;0;3040;;;;1;1;;;1;1;;;;;0;0;0;0;1;1;0;0;;;;;0;0;1;1;1;1;0;0;;;0;0;0;0;;;;;1;1;;
36;175;1;1;4422;1;1;9742;1;1;18085;1;1;5167;0;0;6116;8985;0;0;7501;1;1;15077;1;1;4417;1;2;0;0;1;1;0;0;3002;1;1;4028;1;1;3786;1;1;3128;1;2;3262;0;0;3251;1;1;4188;1;1;2818;0;0;3005;;;3256;;;2781;0;0;2973;1;1;3302;0;0;2847;0;0;2985;;;;1;1;;;1;1;;;;;0;0;0;0;0;0;0;0;;;;;0;0;1;1;1;1;0;0;;;0;0;0;0;;;;;1;1;;
37;180;1;1;4358;1;1;8102;1;1;16450;0;0;5764;0;0;6400;8777;0;0;7288;1;1;15255;1;1;4250;1;2;0;0;1;1;0;0;3134;1;1;3971;1;1;4119;0;0;3181;1;2;3339;0;0;3178;1;1;3893;1;1;2793;0;0;2938;;;3415;;;2785;0;0;2858;1;1;2886;0;0;2718;0;0;3005;;;;1;1;;;1;1;;;;;0;0;0;0;0;0;0;0;;;;;0;0;1;1;1;1;0;0;0;0;0;0;0;0;;;;;1;1;;
38;185;1;1;4386;1;1;6679;1;1;16600;0;0;5202;0;0;6398;9489;0;0;7123;1;1;18137;0;0;3702;1;2;0;0;1;1;0;0;3224;1;1;4163;1;1;4218;0;0;3143;1;2;3230;0;0;3020;1;1;3902;1;1;2756;0;0;3104;0;0;3194;;;2726;0;0;2973;0;0;2737;0;0;2749;0;0;2882;;;;1;1;;;1;1;;;;;0;0;0;0;0;0;0;0;;;;;0;0;1;1;1;1;0;0;0;0;1;1;0;0;;;;;1;1;;
39;190;1;1;4072;1;2;5931;1;1;18420;0;0;4404;0;0;6174;9027;0;0;6996;1;1;15707;0;0;3815;1;2;1;1;1;1;0;0;3066;1;1;3846;1;1;3877;0;0;3008;0;0;3395;1;1;3809;1;1;3953;1;1;2769;0;0;3131;1;1;3542;;;2842;0;0;2881;0;0;2626;0;0;2687;0;0;3102;;;;1;1;;;1;1;;;;;0;0;0;0;0;0;1;1;;;;;0;0;1;1;1;1;0;0;0;0;1;1;0;0;;;;;1;1;;
40;195;1;1;4086;1;2;5649;1;1;14858;0;0;4007;0;0;6070;8875;0;0;6637;1;1;14735;0;0;3658;1;2;1;1;1;1;0;0;2971;1;1;4119;0;0;3276;0;0;3032;0;0;3151;1;2;4538;1;1;4069;1;1;2768;0;0;2998;1;1;3985;;;2693;0;0;3089;0;0;2631;0;0;2674;1;1;3727;;;;0;0;;;1;1;;;;;0;0;0;0;0;0;1;1;;;;;0;0;1;1;0;0;0;0;0;0;1;1;0;0;;;;;1;1;;
41;200;1;1;3925;1;1;5615;1;1;14005;0;0;3949;0;0;6112;9168;0;0;7040;1;1;13573;0;0;3816;1;2;1;1;0;0;0;0;2799;1;1;3590;0;0;3173;0;0;2984;0;0;3086;1;2;4639;1;1;4537;1;1;2650;0;0;2980;1;1;3905;;;2785;0;0;2901;0;0;2610;0;0;2707;1;1;4167;;;;0;0;;;1;1;;;;;0;0;0;0;0;0;1;1;;;;;0;0;1;1;0;0;0;0;0;0;1;1;0;0;;;;;1;1;;
42;205;1;1;4035;1;1;5784;1;1;13185;0;0;3760;0;0;6253;9520;0;0;6693;0;0;11499;0;0;3699;1;2;1;1;0;0;0;0;2848;1;1;3444;0;0;3294;0;0;2999;0;0;3036;1;2;4631;1;1;4066;1;1;2561;0;0;2936;1;1;4101;;;2747;0;0;3006;0;0;2628;0;0;2827;1;1;3764;;;;0;0;;;1;1;;;;;0;0;0;0;0;0;1;1;;;;;0;0;1;1;0;0;0;0;0;0;1;1;0;0;;;;;1;1;;
43;210;1;1;4641;1;1;5632;0;0;12775;0;0;3943;0;0;6097;10744;0;0;6717;0;0;13180;0;0;3666;0;0;1;1;0;0;0;0;2901;0;0;3221;0;0;3414;0;0;2942;0;0;3028;1;2;4525;1;1;3726;1;1;2610;0;0;2995;1;1;4291;;;2856;0;0;3235;1;1;2973;0;0;2746;1;1;3708;;;;0;0;;;0;0;;;;;0;0;0;0;0;0;1;1;;;;;0;0;0;0;0;0;0;0;0;0;0;0;0;0;;;;;0;0;;
44;215;1;1;4593;1;1;5014;0;0;11494;0;0;3647;0;0;6128;9925;0;0;6503;0;0;11467;0;0;3753;0;0;1;1;0;0;0;0;2783;0;0;3195;0;0;3233;0;0;2954;0;0;2969;1;2;4516;0;0;3582;0;0;2533;0;0;2934;1;1;4567;;;2807;0;0;3273;1;1;3216;0;0;2777;1;1;3894;;;;0;0;;;0;0;;;;;0;0;0;0;0;0;1;1;;;;;0;0;0;0;0;0;0;0;0;0;0;0;0;0;;;;;0;0;;
45;220;1;1;4236;1;1;5126;0;0;12361;0;0;3609;0;0;6246;10746;0;0;6385;0;0;10819;0;0;3455;0;0;1;1;1;1;0;0;2946;0;0;3046;0;0;3190;0;0;2943;0;0;2932;1;2;4320;0;0;3573;0;0;2606;0;0;2855;1;1;4261;;;2861;1;2;3077;1;1;3076;0;0;2683;1;1;4190;;;;0;0;;;0;0;;;;;0;0;0;0;0;0;0;0;;;;;0;0;0;0;0;0;1;1;0;0;0;0;0;0;;;;;0;0;;
46;225;0;0;3831;1;1;5437;0;0;12240;0;0;3732;0;0;6470;10030;0;0;7371;0;0;11312;0;0;3675;0;0;0;0;1;1;0;0;2926;0;0;3098;0;0;3212;0;0;2991;0;0;2912;1;2;3880;0;0;3696;0;0;2554;0;0;2942;1;1;4455;;;2832;1;2;3411;1;1;3078;0;0;2651;1;1;3992;;;;0;0;;;0;0;;;;;1;1;0;0;0;0;0;0;;;;;0;0;0;0;0;0;1;1;0;0;0;0;0;0;;;;;0;0;;
47;230;0;0;3410;0;0;4687;0;0;11586;0;0;3722;0;0;6248;10414;0;0;6485;0;0;9934;0;0;3674;0;0;0;0;1;1;0;0;2798;0;0;3023;0;0;3064;0;0;2959;0;0;2971;1;2;4479;0;0;3759;0;0;2588;0;0;2955;1;1;4578;;;2907;1;2;3251;1;1;2931;0;0;2739;1;1;3482;;;;0;0;;;0;0;;;;;1;2;0;0;0;0;1;1;;;;;0;0;0;0;0;0;1;1;0;0;1;1;0;0;;;;;0;0;;
48;235;0;0;3489;0;0;4397;0;0;11770;0;0;3876;0;0;6404;10620;0;0;7294;0;0;10676;0;0;3603;0;0;0;0;1;1;0;0;2844;0;0;3117;0;0;3292;0;0;2900;0;0;3078;1;1;3862;1;1;4060;0;0;2517;0;0;2915;1;1;4392;;;2812;1;2;3281;1;1;2795;0;0;2697;0;0;3223;;;;0;0;;;1;1;;;;;1;2;0;0;0;0;1;1;;;;;1;2;0;0;0;0;1;1;0;0;1;1;0;0;;;;;0;0;;
49;240;0;0;3422;0;0;4780;0;0;12473;0;0;3772;0;0;6443;10268;0;0;7230;0;0;10050;0;0;3907;0;0;0;0;1;1;0;0;2882;0;0;3108;0;0;3361;0;0;2862;0;0;3009;1;1;3929;1;1;3805;0;0;2560;0;0;2946;1;1;4640;;;3087;1;2;3359;1;1;2807;0;0;2795;0;0;3271;;;;0;0;;;1;2;;;;;1;2;0;0;0;0;1;1;;;;;1;2;0;0;0;0;1;1;0;0;1;1;0;0;;;;;0;0;;
50;245;0;0;3432;0;0;4880;0;0;11314;0;0;3954;0;0;6161;11207;0;0;6985;0;0;9979;0;0;3762;0;0;0;0;1;1;0;0;2939;0;0;3113;0;0;3315;1;2;3336;0;0;2995;1;1;3832;1;2;4121;0;0;2541;0;0;2911;1;1;4186;;;2833;1;2;3074;1;1;2719;0;0;2619;1;1;3202;;;;0;0;;;1;2;;;;;1;2;0;0;0;0;1;1;;;;;1;2;1;1;0;0;1;1;0;0;1;1;0;0;;;;;0;0;;
51;250;0;0;3381;0;0;4714;0;0;11267;0;0;4236;0;0;5762;10997;0;0;7714;0;0;9785;1;1;4302;0;0;1;2;0;0;0;0;2932;0;0;3151;0;0;2970;1;2;3450;0;0;2852;1;1;3601;1;2;4298;0;0;2537;0;0;3098;1;1;4696;;;2922;1;3;3453;1;1;2880;0;0;2842;1;1;3572;;;;0;0;;;1;2;;;;;1;2;0;0;0;0;1;1;;;;;1;2;1;1;0;0;1;1;0;0;1;2;0;0;0;0;;;0;0;;
52;255;0;0;3478;1;1;5956;0;0;10350;0;0;3951;0;0;6036;10915;0;0;6502;0;0;9320;1;2;4183;0;0;1;2;0;0;0;0;2865;0;0;3101;0;0;3036;1;2;3672;0;0;2889;0;0;3430;1;2;4254;0;0;2502;1;2;3802;1;1;4538;0;0;2877;1;3;3494;1;2;2730;0;0;2641;1;1;4025;;;;0;0;;;1;2;;;;;1;2;0;0;0;0;1;1;;;;;1;2;1;1;0;0;1;1;0;0;1;1;0;0;1;1;;;0;0;;
53;260;0;0;3711;1;1;8128;0;0;9468;0;0;3796;0;0;5866;11826;0;0;6550;0;0;9978;1;2;4470;0;0;1;2;0;0;1;1;3328;0;0;3081;0;0;3155;1;2;3784;0;0;2833;0;0;3379;1;3;4196;0;0;2574;1;2;3759;1;1;4579;1;1;3856;1;2;3091;1;2;2900;0;0;2666;1;1;3966;;;;0;0;;;1;2;;;;;1;2;0;0;0;0;0;0;;;;;1;2;1;1;0;0;1;1;0;0;0;0;0;0;1;1;;;0;0;;
54;265;0;0;3905;1;2;8048;0;0;9713;0;0;3840;0;0;4961;11398;0;0;8126;0;0;9073;1;2;4253;0;0;1;2;0;0;1;1;3895;0;0;3256;0;0;3144;1;2;3600;0;0;2852;0;0;3369;1;3;3892;0;0;2658;1;2;3230;1;1;4003;1;1;4052;1;1;3274;1;2;2955;0;0;2580;1;1;4300;;;;0;0;;;1;2;;;;;0;0;0;0;0;0;0;0;;;;;1;2;1;1;0;0;1;1;0;0;0;0;0;0;1;1;;;0;0;;
55;270;1;2;4002;1;2;7582;0;0;9616;0;0;4226;1;1;6100;10554;0;0;6874;0;0;9373;1;2;4558;0;0;1;2;0;0;1;1;3859;0;0;2940;0;0;3010;1;2;4185;0;0;2901;0;0;3284;1;1;3891;0;0;2546;1;2;3313;1;1;3950;1;1;3845;1;1;3463;1;2;2945;0;0;2574;1;1;4041;;;;0;0;;;1;2;;;;;0;0;0;0;0;0;0;0;;;;;1;2;1;1;0;0;0;0;0;0;0;0;0;0;1;1;;;0;0;;
56;275;1;2;4458;1;2;6602;0;0;10137;0;0;4263;1;1;8682;11185;0;0;6504;0;0;9504;1;2;3900;1;2;1;2;1;1;1;1;4251;0;0;3157;0;0;4005;1;2;4037;0;0;2894;0;0;3528;1;2;3946;0;0;2492;1;2;3356;1;1;3823;1;1;3990;1;1;3459;1;3;3021;1;1;2831;1;1;3633;;;;0;0;;;1;2;;;;;0;0;0;0;0;0;0;0;;;;;1;2;1;1;0;0;0;0;0;0;1;1;0;0;1;1;;;0;0;;
57;280;1;2;4160;1;2;6401;0;0;9741;0;0;3828;1;1;7027;10922;0;0;6679;0;0;9760;1;2;3877;1;2;1;2;1;1;1;1;3620;0;0;3162;0;0;3161;1;4;3536;1;1;3180;0;0;3739;1;2;4131;0;0;2528;1;2;3152;1;1;3801;1;1;3215;1;2;3624;1;3;2966;1;2;3313;1;1;3578;;;;0;0;;;1;1;;;;;0;0;0;0;0;0;0;0;;;;;1;2;1;1;0;0;0;0;0;0;1;1;0;0;1;1;;;0;0;;
58;285;1;2;4077;1;2;7314;0;0;10249;0;0;4218;1;1;6401;12404;0;0;6901;0;0;9644;1;3;4317;1;2;1;2;1;1;1;1;3709;0;0;3316;0;0;3185;1;4;3233;1;1;3303;0;0;3523;1;2;4868;0;0;2505;1;2;3111;0;0;3355;1;1;4043;1;2;3415;1;4;2714;1;2;3007;0;0;3180;;;;0;0;;;1;1;;;;;0;0;0;0;1;2;0;0;;;;;0;0;1;1;0;0;0;0;0;0;1;1;0;0;1;1;;;0;0;;
59;290;1;2;3682;1;1;7082;0;0;10419;0;0;3745;1;1;5824;11829;0;0;6236;0;0;9794;1;3;4303;1;2;1;2;1;1;0;0;3166;0;0;3034;0;0;3097;1;2;3383;1;1;3321;0;0;3484;1;2;4010;0;0;2573;1;1;3251;0;0;3752;1;1;4197;1;1;3652;1;5;2829;1;2;2937;0;0;3190;;;;0;0;;;1;1;;;;;0;0;0;0;1;2;1;1;;;;;0;0;0;0;0;0;0;0;0;0;1;1;0;0;1;1;;;0;0;;
60;295;1;2;3557;1;1;6150;0;0;10512;0;0;3856;1;2;6382;12082;0;0;7363;0;0;10452;1;3;4223;1;2;1;1;1;1;0;0;2991;0;0;3077;0;0;3113;1;2;3418;1;2;3439;0;0;3669;1;1;4129;0;0;2499;1;1;2963;0;0;3507;1;1;3989;1;1;3760;1;5;2787;1;2;2849;0;0;3065;;;;0;0;;;1;1;;;;;0;0;0;0;1;2;1;1;;;;;0;0;0;0;0;0;0;0;0;0;1;1;1;1;1;1;;;0;0;;
61;300;1;2;3426;1;1;5776;0;0;9890;0;0;3637;1;2;7302;12259;0;0;6285;0;0;10478;1;1;4833;1;2;1;2;1;2;0;0;2985;0;0;2997;0;0;3094;1;2;3383;1;2;3362;1;2;4176;1;1;4275;0;0;2509;0;0;2900;0;0;3453;1;1;3527;1;1;3743;1;5;2819;1;2;2967;1;1;3474;;;;0;0;;;1;1;;;;;0;0;0;0;1;1;1;1;;;;;0;0;0;0;0;0;0;0;0;0;1;1;1;2;1;1;;;0;0;;
62;305;0;0;3297;1;1;5251;0;0;10042;0;0;3880;1;2;6579;12667;1;1;8010;0;0;11217;1;2;4759;1;2;1;2;1;2;0;0;2846;0;0;3049;0;0;3010;1;2;3224;1;2;3320;1;2;4357;1;1;4757;0;0;2512;0;0;2769;0;0;3277;1;1;3377;1;1;3589;1;4;2600;1;1;2650;1;1;3528;;;;1;1;;;1;1;;;;;0;0;0;0;0;0;1;2;;;;;0;0;0;0;0;0;1;1;0;0;0;0;1;2;1;1;;;0;0;;
63;310;1;1;3153;1;1;6806;0;0;11467;1;1;4683;1;2;6258;11553;1;1;8133;0;0;10686;1;2;4463;1;2;1;2;1;1;1;1;2950;0;0;3056;1;2;3737;1;2;3371;1;1;3700;1;2;3938;1;1;4071;0;0;2486;0;0;2811;0;0;3566;0;0;3208;1;1;3554;1;1;2808;1;1;2661;1;1;3844;;;;1;1;;;0;0;;;;;0;0;0;0;0;0;1;2;0;0;;;0;0;0;0;0;0;1;1;0;0;1;1;1;2;1;1;;;0;0;;
64;315;1;1;3252;1;1;6510;0;0;9707;1;1;5326;1;1;5353;12874;1;1;9722;0;0;10129;1;1;4566;1;2;1;2;1;1;1;1;3590;0;0;3036;1;2;4349;1;2;3108;1;2;3376;1;2;4023;1;1;3795;0;0;2504;0;0;2803;0;0;3319;0;0;3152;1;1;3378;1;1;2912;1;1;2535;1;1;3610;;;;1;1;;;0;0;;;;;0;0;0;0;0;0;1;2;1;1;;;0;0;0;0;0;0;1;1;1;1;1;1;1;2;1;1;;;0;0;;
65;320;1;1;3695;1;1;7558;0;0;9469;1;1;5191;1;1;5582;12834;1;1;10104;0;0;10330;1;1;4667;1;2;1;2;1;1;1;1;3654;1;2;4058;1;2;4144;0;0;2929;1;2;3374;1;2;4503;1;1;3753;1;1;2690;0;0;2746;0;0;3450;0;0;3073;1;2;3146;1;1;3140;0;0;2471;1;1;4027;;;;1;1;;;0;0;;;;;0;0;0;0;0;0;1;1;1;1;;;0;0;0;0;0;0;1;1;1;1;1;1;1;1;1;1;;;0;0;;
66;325;1;2;4252;1;1;7300;0;0;9922;1;1;5511;0;0;4944;13283;1;1;9765;0;0;9868;1;1;4470;1;1;1;2;1;1;1;1;3625;1;2;4168;1;2;3983;0;0;2888;1;2;3381;1;2;4144;1;1;3633;1;1;2657;0;0;2966;0;0;3372;0;0;3060;1;3;3198;1;2;3157;0;0;2530;1;1;4101;;;;1;1;;;0;0;;;;;0;0;1;1;0;0;1;1;1;1;;;0;0;0;0;1;1;1;1;1;1;1;1;1;1;1;1;;;1;1;;
67;330;1;2;3847;1;1;7148;0;0;11050;1;1;4833;0;0;5282;12163;1;1;10988;0;0;10198;1;1;4185;1;1;1;2;1;1;1;1;3642;1;2;3953;1;2;4099;1;1;2977;1;2;3306;1;2;4163;1;1;3552;1;1;2674;0;0;2961;0;0;3493;0;0;2997;1;3;2984;1;3;3113;0;0;2518;1;2;3563;;;;1;1;;;0;0;;;;;0;0;1;1;0;0;1;1;1;1;;;0;0;0;0;1;2;1;1;1;1;1;1;1;1;1;1;;;1;1;0;0
68;335;1;2;4146;1;1;5816;0;0;8604;1;1;4575;0;0;4921;12588;1;1;9271;0;0;9777;0;0;3966;1;1;1;2;1;1;1;1;3298;1;2;3792;1;2;3820;1;2;3278;1;2;3627;1;3;3825;1;1;3869;1;1;2719;0;0;2850;0;0;3248;0;0;3100;1;3;3161;1;3;3061;0;0;2513;1;2;3277;;;;1;1;0;0;1;2;0;0;;;0;0;1;1;0;0;0;0;1;1;;;0;0;1;1;1;2;1;1;1;1;1;1;0;0;1;1;;;1;1;1;1
69;340;1;2;3954;0;0;5217;0;0;9984;1;2;4470;0;0;5058;14196;1;1;10467;0;0;10654;1;2;4154;1;2;0;0;0;0;1;1;3217;1;2;3387;1;2;3822;1;2;3447;1;2;3587;1;1;3587;1;2;3778;1;1;2561;0;0;2816;0;0;3151;0;0;3060;1;4;3058;1;3;3063;0;0;2497;1;1;3424;;;;1;1;1;1;1;2;1;1;;;1;1;1;1;0;0;1;1;1;1;;;0;0;1;1;1;2;1;1;1;2;1;1;0;0;1;1;;;1;1;1;1
70;345;1;2;3966;1;2;5233;0;0;10612;1;2;4007;0;0;5444;12107;1;1;9008;0;0;9558;1;2;4374;1;2;1;1;1;1;0;0;2964;1;2;3560;1;2;4116;1;4;3320;1;2;3269;1;1;3924;1;2;3689;0;0;2547;0;0;2720;0;0;3240;0;0;3090;1;4;2974;1;3;2805;0;0;2440;1;1;3466;;;;1;1;1;1;1;3;1;1;;;1;2;1;2;0;0;1;2;1;1;;;0;0;1;1;1;2;0;0;1;2;1;1;0;0;1;1;;;1;1;1;1
71;350;1;1;3644;1;2;5103;0;0;8841;1;2;3815;0;0;5005;12245;1;2;8007;0;0;8634;1;2;4855;1;2;1;1;1;1;0;0;2839;1;2;3278;1;2;4003;1;4;3145;1;1;3296;1;1;4315;1;2;3887;0;0;2488;0;0;2923;0;0;3209;0;0;2912;1;4;2901;1;3;2799;0;0;2510;1;1;3545;;;;1;1;1;1;1;3;1;1;;;1;2;1;2;0;0;1;2;1;1;;;0;0;1;1;1;2;0;0;1;2;0;0;0;0;1;1;;;1;1;1;1
72;355;1;2;3515;1;2;5275;0;0;10683;1;2;4109;0;0;5252;11167;1;1;7113;0;0;9193;1;2;4683;1;2;1;2;1;1;0;0;2886;1;2;3286;1;2;3533;1;4;3332;1;1;3207;1;2;4681;1;3;3858;1;1;2572;0;0;2781;0;0;3253;0;0;2963;1;4;3211;1;2;2978;0;0;2511;1;1;3788;;;;1;1;1;1;1;3;1;1;;;1;2;1;2;0;0;1;2;1;1;;;0;0;1;2;1;2;0;0;1;2;0;0;0;0;1;1;;;1;2;1;1
73;360;1;1;3620;1;2;5674;0;0;11291;1;2;4124;0;0;5100;11532;1;1;7345;0;0;9286;1;2;4508;1;1;1;2;1;1;0;0;2750;1;2;3149;1;2;3200;1;4;3203;1;1;3288;1;2;4710;1;2;3990;1;1;2868;0;0;2934;0;0;3412;0;0;3074;1;5;3192;1;2;3052;0;0;2552;1;2;3466;;0;0;1;1;1;1;1;3;1;1;;;1;2;1;2;0;0;1;2;1;1;;;0;0;1;2;1;2;0;0;1;2;0;0;0;0;1;1;;;1;2;1;1
74;365;1;2;4005;1;2;5374;0;0;10215;1;2;4347;0;0;5588;13423;1;1;8444;0;0;9378;1;3;4661;1;1;1;2;1;1;0;0;2826;1;2;3358;0;0;2952;1;2;3418;1;1;3054;1;2;4641;1;2;4326;1;1;2873;0;0;2890;0;0;3152;0;0;3008;1;3;3294;1;2;3051;0;0;2578;1;2;3307;;1;1;1;1;1;1;1;3;1;1;;;1;1;0;0;0;0;1;2;1;1;;;0;0;1;2;1;2;0;0;1;1;0;0;0;0;1;1;;;1;2;1;1
75;370;1;2;4066;1;3;5479;0;0;9980;1;2;3778;0;0;4986;12807;1;1;9699;0;0;9355;1;3;3895;1;1;1;2;1;1;0;0;2736;1;2;3022;0;0;3070;1;3;3329;1;1;3284;1;2;4271;1;2;4050;1;1;2890;1;1;4105;0;0;3405;0;0;3141;1;3;3335;1;2;3132;0;0;2585;1;3;3071;;1;1;1;1;1;1;1;3;1;1;;;1;1;0;0;0;0;1;2;1;1;0;0;1;2;1;2;1;2;0;0;1;1;0;0;0;0;0;0;;;1;2;1;1
76;375;1;2;4191;1;3;5901;0;0;10042;1;2;3647;0;0;5016;11948;1;1;9138;1;1;15098;1;1;3987;1;1;1;2;1;1;1;1;3063;0;0;3089;0;0;3170;1;3;3535;1;2;3367;1;2;3761;1;2;4382;1;1;2624;1;3;3528;0;0;3241;0;0;2819;1;3;3226;1;2;2934;0;0;2570;1;2;3504;;1;1;1;1;1;1;1;3;1;1;;;1;2;0;0;0;0;1;2;0;0;1;1;1;2;1;2;1;2;0;0;0;0;0;0;0;0;0;0;;;1;2;1;1
77;380;1;2;4114;1;3;5758;1;1;11224;0;0;3418;0;0;4833;11538;1;1;8778;1;1;16884;1;1;4442;1;1;1;1;1;1;1;1;3410;0;0;2932;0;0;3190;1;5;3472;1;2;3649;1;1;4026;1;4;4087;0;0;2536;1;3;3457;1;1;4059;0;0;2977;1;3;3361;1;1;2707;0;0;2476;1;2;3582;;1;1;0;0;1;1;1;3;1;1;;;1;2;0;0;0;0;1;2;0;0;1;1;1;3;1;2;1;2;0;0;0;0;0;0;0;0;0;0;;;1;2;1;1
78;385;1;2;4005;1;1;5545;1;2;13884;0;0;3261;0;0;4927;11121;1;1;7367;1;2;15678;1;1;4540;1;2;1;1;1;2;1;1;3754;0;0;2935;0;0;3161;1;5;3654;1;2;3458;1;1;3836;1;4;3602;0;0;2562;1;3;3335;1;1;4176;0;0;2815;1;2;3380;0;0;2581;0;0;2499;1;2;3339;;1;1;0;0;1;1;1;3;1;1;;;1;2;0;0;0;0;1;2;0;0;1;1;1;3;1;2;1;2;0;0;0;0;0;0;0;0;0;0;;;0;0;1;1
79;390;1;2;4191;1;1;5306;1;2;13808;0;0;3274;0;0;5496;12267;1;1;6649;1;2;13490;1;1;4271;1;1;1;1;1;2;1;2;3318;0;0;2881;0;0;3057;1;5;3139;1;3;3408;1;2;3740;1;4;3565;0;0;2478;1;2;3140;1;1;4434;0;0;2946;1;2;3551;1;1;2747;0;0;2578;1;2;3582;;1;1;0;0;0;0;1;2;0;0;;;1;2;1;1;0;0;1;3;0;0;1;1;1;3;1;2;1;2;0;0;0;0;0;0;0;0;0;0;;;0;0;0;0
80;395;1;1;4074;1;1;6608;1;2;12254;0;0;3764;1;1;6769;12644;0;0;6436;1;2;14929;1;1;4258;1;1;0;0;1;2;1;2;3352;0;0;3095;0;0;3163;1;5;3338;1;4;3353;1;1;4060;1;4;3718;0;0;2436;1;1;3050;1;1;3830;0;0;2923;1;2;3415;1;3;2775;0;0;2463;1;2;3364;;1;1;0;0;0;0;1;2;0;0;;;1;2;1;1;0;0;1;3;0;0;1;1;1;3;1;2;0;0;1;2;0;0;0;0;0;0;0;0;;;0;0;0;0
81;400;1;1;3708;1;1;7388;1;2;11581;0;0;3435;1;2;7182;12471;0;0;6039;1;2;15896;1;1;4259;1;1;0;0;1;2;1;2;3080;0;0;3114;0;0;3052;1;3;3435;1;4;3233;1;1;4414;1;2;3683;0;0;2463;1;1;3116;1;1;4449;0;0;3016;1;2;3175;1;3;2932;0;0;2506;1;2;3485;;1;1;0;0;0;0;1;2;0;0;;;1;2;1;1;1;2;1;3;0;0;1;1;1;3;1;2;0;0;1;2;0;0;1;1;0;0;0;0;;;0;0;0;0
82;405;1;2;3964;1;1;7353;1;2;14368;0;0;3469;1;2;7875;12396;0;0;6028;1;1;15625;1;1;4313;1;2;0;0;1;2;1;1;3153;0;0;2979;0;0;2927;1;3;3429;1;3;3001;1;1;4816;1;2;3516;0;0;2441;1;1;3312;1;1;3942;1;1;3598;1;2;3084;1;3;2950;1;3;2859;1;3;3778;;1;1;0;0;0;0;0;0;0;0;;;1;2;1;1;1;2;1;3;0;0;1;1;1;3;0;0;0;0;1;2;0;0;1;1;0;0;0;0;;;0;0;0;0
83;410;1;3;4047;1;1;6212;1;2;12665;0;0;3518;1;2;7543;11774;0;0;6252;1;1;12214;1;1;4948;1;2;0;0;1;2;1;1;3277;0;0;2884;0;0;2880;1;3;3315;1;5;2959;1;2;5176;1;2;4053;1;1;2675;1;1;3171;1;1;3973;1;1;3928;0;0;2885;1;3;2867;1;3;2886;1;2;3727;;1;1;1;1;0;0;0;0;0;0;;;1;2;1;1;1;2;1;3;0;0;1;1;1;3;0;0;0;0;1;2;0;0;1;1;0;0;0;0;;;0;0;0;0
84;415;1;3;3668;1;1;5034;1;2;10395;0;0;3603;1;2;7313;11881;0;0;6189;1;1;11464;1;1;4450;1;2;1;1;1;2;1;1;3491;0;0;3078;0;0;2954;1;3;3508;1;5;3119;1;3;4447;1;2;3506;1;1;2780;1;1;3062;1;1;3733;1;1;3916;1;2;3003;1;3;3046;1;3;2861;1;2;3313;;1;1;1;1;0;0;0;0;0;0;;;0;0;1;1;1;2;1;3;0;0;0;0;1;3;0;0;0;0;1;2;0;0;1;1;0;0;0;0;;;0;0;0;0
85;420;1;3;3524;0;0;4727;1;2;12534;0;0;3582;1;2;7373;13886;0;0;6125;1;1;10866;1;1;4222;1;2;1;2;1;2;1;1;2946;0;0;3021;1;1;3578;1;3;3471;1;5;3092;1;3;4954;1;2;3824;1;1;2793;1;2;3201;1;1;3462;1;1;4287;1;2;3096;1;5;2791;1;3;2666;1;2;3375;;1;1;1;1;0;0;0;0;0;0;;;0;0;1;1;1;2;1;3;0;0;0;0;1;3;0;0;0;0;1;2;0;0;1;1;0;0;0;0;;;0;0;0;0
86;425;1;3;3651;0;0;4431;1;1;13670;0;0;3682;1;2;7920;12936;0;0;6346;0;0;10908;1;3;3968;1;2;1;3;1;2;0;0;2750;0;0;2965;1;1;3939;1;3;3432;1;5;3175;1;3;4149;1;1;3775;1;1;2692;1;2;3092;1;2;3696;1;1;4276;1;2;3157;1;5;2747;1;3;2710;1;2;3645;;0;0;1;1;0;0;0;0;0;0;;;0;0;0;0;1;2;1;3;0;0;0;0;1;3;0;0;0;0;1;2;0;0;1;1;1;1;0;0;;;0;0;0;0
87;430;1;2;4042;0;0;4404;1;1;11729;1;1;3710;1;1;6337;11590;1;2;6972;0;0;8855;1;2;4516;1;2;1;3;1;2;1;2;3016;0;0;3066;1;1;4047;1;3;3480;1;5;2966;1;3;3707;0;0;3070;1;2;2615;1;1;3012;1;1;3957;1;1;4101;1;3;3385;1;5;2713;1;3;2827;1;2;3451;;0;0;1;1;0;0;0;0;0;0;;;1;1;0;0;1;2;1;2;0;0;0;0;1;3;0;0;0;0;1;2;0;0;1;1;1;2;0;0;;;0;0;0;0
88;435;1;2;4305;0;0;4124;0;0;9378;1;1;4752;1;1;5913;12260;1;2;9069;0;0;9468;1;2;4502;1;2;1;3;0;0;1;2;3177;1;2;3733;1;2;4155;1;1;3295;1;4;3088;1;3;4002;0;0;3126;1;1;2605;1;1;2768;1;1;4082;1;1;3410;1;4;3649;1;5;2712;1;4;2747;1;2;3911;;0;0;1;1;0;0;0;0;0;0;;;1;1;0;0;1;2;1;2;0;0;0;0;1;2;0;0;0;0;1;2;0;0;1;1;1;2;0;0;;;0;0;0;0
89;440;1;2;4409;0;0;4143;0;0;9931;1;1;4583;1;1;5942;12195;1;2;10207;0;0;9261;1;2;4997;1;1;1;3;0;0;1;3;3199;1;2;4274;1;3;4123;0;0;3073;1;4;3159;1;2;4136;1;2;3249;1;1;2663;0;0;2686;1;1;4223;1;2;3502;1;4;3415;1;5;2715;1;4;2760;1;2;4010;;0;0;1;1;0;0;1;2;0;0;;;1;2;0;0;1;2;1;2;0;0;0;0;1;2;0;0;0;0;1;2;0;0;0;0;1;2;0;0;;;0;0;0;0
90;445;1;1;4313;1;1;5029;0;0;9909;1;1;4095;1;2;6047;11627;1;2;8943;0;0;8132;1;4;4545;1;1;1;3;0;0;1;3;3341;1;2;4197;1;3;3733;0;0;2865;1;3;3151;1;3;3941;1;2;3463;1;1;2758;0;0;2688;1;1;4694;1;1;3322;1;6;3291;1;6;2583;1;3;2744;1;3;4093;;0;0;0;0;0;0;1;2;0;0;;;1;2;1;1;1;1;1;1;0;0;0;0;1;1;0;0;0;0;1;2;0;0;0;0;1;2;0;0;;;0;0;0;0
91;450;1;1;3760;1;1;5784;0;0;9865;1;1;4352;1;2;6296;10984;1;2;9645;0;0;8702;1;4;4424;1;1;1;4;0;0;1;3;3129;1;2;3923;1;3;3649;0;0;2799;1;3;3189;1;3;3647;1;2;3558;1;1;2754;0;0;2686;1;1;4115;1;1;3896;1;6;3067;1;5;2631;1;2;2605;1;3;3742;;0;0;0;0;0;0;1;2;0;0;;;1;2;1;1;1;1;1;1;0;0;0;0;1;1;0;0;0;0;1;2;0;0;0;0;1;1;0;0;;;0;0;0;0
92;455;1;1;3710;1;1;6151;0;0;9883;1;1;4242;1;2;7129;11688;1;2;10373;0;0;8965;1;4;4348;1;1;1;4;0;0;1;3;3159;1;2;4094;1;2;3626;1;1;3210;1;3;3154;1;3;4010;1;2;3684;1;1;2551;0;0;2759;1;1;4002;1;1;4030;1;6;2947;1;5;2659;1;1;2586;1;3;3825;;0;0;0;0;0;0;1;2;0;0;;;1;2;1;1;1;1;1;1;0;0;0;0;1;1;0;0;0;0;1;2;1;1;0;0;1;1;0;0;;;0;0;0;0
93;460;1;1;3971;1;1;7121;0;0;9433;1;3;4704;1;2;5787;11576;1;2;9777;0;0;8871;1;4;3723;1;2;1;3;0;0;1;3;3164;1;2;3876;1;2;3563;1;2;3751;1;3;3320;1;3;3791;1;2;3736;1;1;2631;0;0;2762;1;1;3838;1;1;3669;1;6;2917;1;4;2637;1;1;2688;1;3;3717;;0;0;1;1;0;0;1;2;0;0;;;1;2;1;1;1;2;1;1;0;0;0;0;1;1;0;0;0;0;1;3;1;1;0;0;1;1;0;0;;;0;0;0;0
94;465;1;1;3656;1;1;6999;0;0;9413;1;3;4557;1;2;5932;12143;1;3;9553;0;0;8765;1;4;3897;1;2;1;3;0;0;1;1;3066;1;3;3761;1;2;3610;1;2;3565;1;1;3556;1;2;3850;1;4;3809;1;1;2697;0;0;2717;1;1;3850;1;1;3600;1;6;2861;1;4;2676;1;1;2746;1;3;3517;;0;0;1;1;0;0;1;2;0;0;;;1;2;1;1;1;2;1;1;0;0;0;0;1;1;1;1;0;0;1;2;1;1;0;0;1;1;0;0;;;1;1;0;0
95;470;0;0;3183;1;2;7142;0;0;8826;1;3;4329;1;2;5558;11726;1;3;9995;0;0;9459;1;4;3662;1;2;1;3;0;0;1;1;2809;1;3;3583;1;2;3840;1;3;3612;1;1;3335;1;1;4189;1;4;3404;1;2;2731;0;0;2776;1;1;3893;1;1;3222;1;5;3140;1;5;2698;1;1;2882;1;2;3622;;0;0;1;2;0;0;1;2;0;0;;;1;2;1;1;1;1;0;0;0;0;0;0;0;0;1;1;0;0;1;1;1;1;0;0;1;1;0;0;;;1;1;0;0
96;475;0;0;3039;1;2;7089;0;0;9319;1;3;4567;1;2;5332;10849;1;3;8541;0;0;8796;1;4;3705;1;2;1;3;0;0;1;1;2997;1;1;3292;1;1;3453;1;4;3434;1;1;3007;1;1;4510;1;4;3536;1;2;2724;0;0;2735;1;1;3664;0;0;3007;1;6;3282;1;6;2674;1;1;2674;1;2;3550;;0;0;1;2;0;0;1;2;0;0;0;0;1;2;1;2;0;0;1;2;0;0;0;0;1;1;1;1;0;0;1;1;1;1;0;0;0;0;0;0;;;1;2;0;0
97;480;0;0;2940;1;3;6778;0;0;8804;1;3;4335;1;1;5661;9618;1;3;8493;0;0;8246;1;3;3953;1;2;1;3;1;1;1;1;2994;1;1;3138;1;1;3857;1;4;3462;1;1;2962;1;1;4011;1;4;4028;1;2;2655;0;0;2707;0;0;3477;0;0;2960;1;6;3283;1;5;2720;1;1;2622;1;2;3417;;0;0;1;2;0;0;1;2;0;0;1;1;1;1;1;2;0;0;1;2;0;0;0;0;1;1;1;1;0;0;1;1;1;1;0;0;0;0;0;0;;;1;2;0;0
98;485;0;0;2907;1;3;5618;0;0;8794;1;3;4086;1;0;5436;9742;1;1;7434;0;0;8644;1;3;3835;1;3;1;3;1;1;1;2;3427;1;2;3353;1;1;3471;1;4;3417;1;2;3175;1;1;3556;1;4;3330;1;2;2571;0;0;2841;0;0;3473;0;0;3052;1;6;3058;1;6;2671;0;0;2485;1;2;3651;;0;0;1;3;0;0;1;2;0;0;1;1;1;1;1;2;0;0;1;2;0;0;0;0;1;1;1;1;0;0;1;1;1;1;0;0;0;0;0;0;;;1;2;0;0
99;490;1;1;3198;1;3;5355;0;0;10078;1;3;3868;1;0;5078;10160;1;1;7356;0;0;9400;1;5;3789;1;3;1;3;1;1;1;2;3294;1;2;3312;1;1;3514;1;4;3162;1;3;3276;0;0;3233;1;4;3415;1;1;2599;1;2;3260;0;0;3544;0;0;3007;1;6;3191;1;6;2582;0;0;2504;1;2;3505;;0;0;1;3;0;0;1;2;0;0;1;1;1;1;1;2;0;0;1;2;0;0;0;0;1;1;1;1;1;2;1;1;1;1;0;0;1;1;0;0;0;0;1;2;0;0
100;495;1;1;3623;1;4;5353;0;0;9004;1;3;3863;1;0;5247;8721;1;2;7658;0;0;9954;1;5;4052;1;4;1;4;1;1;1;2;3387;1;2;3451;1;1;3604;1;4;3518;1;5;3265;0;0;3498;1;4;3597;1;1;2561;1;2;3308;0;0;3454;0;0;2972;1;6;2897;1;5;2663;1;2;2647;1;1;3407;;0;0;1;3;0;0;1;4;0;0;1;1;1;1;0;0;1;1;1;3;1;2;1;1;1;1;1;2;1;2;1;1;1;1;1;1;1;1;0;0;1;1;1;2;0;0
101;500;1;1;3727;1;4;5482;0;0;10128;1;2;3751;1;1;6805;8347;1;2;8856;1;2;13749;1;5;3882;1;4;1;4;1;1;1;3;3186;1;2;3610;1;1;3797;1;4;3441;1;6;3375;1;1;3564;1;4;3343;1;2;2542;1;2;3396;0;0;3402;0;0;2941;1;7;2897;1;5;2630;1;2;2979;1;1;2979;;0;0;1;1;0;0;1;4;0;0;1;1;1;1;0;0;1;1;1;3;1;2;1;1;0;0;1;2;1;2;1;1;1;1;1;1;1;1;0;0;1;1;1;2;0;0
102;505;1;1;3843;1;4;5343;0;0;9954;1;2;3781;1;2;7219;8498;1;2;10018;1;2;14120;1;5;3833;1;4;1;4;1;3;1;2;3308;1;2;3698;1;2;3425;1;4;3268;1;6;3158;1;2;3548;1;4;3274;1;2;2854;1;3;3348;1;1;3895;1;1;3693;1;7;2813;1;5;2743;1;2;2752;1;2;2982;;0;0;1;2;0;0;1;4;0;0;1;1;0;0;0;0;1;1;1;3;1;2;1;1;1;1;1;2;1;2;1;1;1;1;1;1;1;1;0;0;1;1;1;2;0;0
103;510;1;2;4021;1;4;5357;0;0;9734;1;2;4080;1;2;8092;8775;1;2;10888;1;2;14433;1;5;3559;1;4;1;4;1;3;1;2;3230;1;1;3662;1;3;3242;1;6;3099;1;6;3220;1;2;3662;1;5;3524;1;2;2704;1;4;3284;1;1;4158;1;1;4032;1;7;2860;1;5;2846;1;2;2870;1;2;3131;;0;0;1;2;0;0;1;4;1;1;1;1;0;0;0;0;1;1;1;2;1;2;1;1;1;1;1;2;1;2;1;2;0;0;1;1;1;1;0;0;1;1;1;2;0;0
104;515;1;2;4014;1;3;5633;0;0;9638;1;2;4429;1;2;8731;9629;1;1;10221;1;2;14096;1;5;3842;1;4;1;4;1;3;1;2;3107;1;1;3439;1;2;3645;1;7;3160;1;6;3325;1;3;3558;1;5;3415;1;2;2680;1;4;3154;1;1;4493;1;1;3986;1;6;2781;1;4;2708;1;2;2944;1;3;3333;;0;0;1;2;0;0;1;5;1;1;1;1;0;0;1;1;1;1;1;3;1;2;1;1;1;2;1;2;1;2;1;2;0;0;1;1;1;1;0;0;1;1;1;2;0;0
105;520;1;4;4060;1;3;6030;0;0;10526;1;2;3807;1;2;8792;10767;1;1;10762;1;2;14434;1;5;3714;1;4;1;4;1;3;1;2;3180;1;1;3582;1;2;4527;1;9;3149;1;6;3095;1;3;3498;1;5;3369;1;2;2670;1;3;3084;1;2;4379;1;2;3988;1;6;2844;1;4;2635;1;4;2736;1;3;3468;;0;0;1;2;1;1;1;5;1;2;0;0;1;1;1;1;1;1;1;3;1;2;1;1;1;2;1;2;1;2;1;2;0;0;1;1;1;1;0;0;1;1;1;1;0;0
106;525;1;4;3827;1;3;5971;1;1;18308;1;2;3769;1;2;8036;10421;1;1;10557;1;2;13362;1;4;3727;1;4;1;3;1;4;1;2;3279;1;2;3262;1;2;4223;1;7;2978;1;8;2918;1;3;3335;1;5;3391;1;2;2802;1;2;3098;1;2;4047;1;2;3993;1;6;2957;1;4;2685;1;4;2621;1;3;3902;;0;0;1;2;1;1;1;5;1;2;0;0;1;2;1;1;1;1;1;3;1;2;1;1;1;2;1;2;1;1;1;1;0;0;1;1;0;0;0;0;1;1;1;1;1;1
107;530;1;4;3697;1;3;5755;1;1;19151;1;2;3601;1;2;8427;12532;1;1;9643;1;2;14972;1;4;3800;1;4;1;3;1;4;1;2;3468;1;2;3237;1;2;4263;1;7;2976;1;8;2983;1;3;3606;1;5;3322;0;0;2401;1;1;3394;1;2;4028;1;2;4098;1;6;2982;1;4;2930;1;4;2700;1;3;3919;;0;0;1;2;1;1;1;5;1;2;0;0;1;2;1;1;0;0;1;3;1;2;1;1;1;2;1;2;1;2;1;1;0;0;1;1;0;0;0;0;1;1;1;1;1;2
108;535;1;4;3764;1;3;6006;1;1;16442;0;0;3552;1;1;7810;11512;1;2;8147;1;2;14363;1;5;3711;1;4;1;3;1;4;1;2;3162;1;1;3933;1;3;4113;1;7;3190;1;7;2887;1;4;3564;1;5;3392;1;2;2457;1;1;3320;1;2;3424;1;2;3293;1;5;3181;1;4;2890;1;2;2583;1;6;3633;;0;0;1;2;1;1;1;6;1;2;0;0;1;2;1;1;0;0;1;3;1;1;1;1;1;2;1;2;1;3;1;1;0;0;1;1;0;0;0;0;1;1;1;1;1;2
109;540;1;5;3651;1;3;5687;1;1;18761;0;0;3720;1;1;8270;12542;1;2;10082;1;2;12840;1;5;3913;1;4;1;3;1;4;1;2;3205;1;1;4069;1;4;3586;1;7;3139;1;7;2906;1;5;3614;1;5;3291;1;2;2493;1;1;3699;1;1;3407;1;2;3265;1;5;3082;1;3;2741;1;3;2688;1;6;3318;;0;0;1;2;1;1;1;6;1;2;0;0;1;2;1;1;0;0;1;3;0;0;1;1;1;2;1;2;1;3;1;1;0;0;0;0;0;0;0;0;1;1;1;1;1;2
110;545;1;5;3419;1;3;6811;1;1;16680;0;0;3534;1;1;6526;10571;1;2;9432;1;2;12841;1;5;4391;1;4;1;3;1;4;1;2;3591;1;2;4306;1;3;3583;1;7;3155;1;7;3166;1;4;3580;1;5;3011;1;2;2547;1;1;3046;1;1;3464;1;1;3654;1;5;3089;1;3;2712;1;3;2627;1;6;3302;;0;0;1;2;1;1;1;6;1;1;0;0;1;2;1;2;1;1;1;4;0;0;1;1;1;2;1;2;1;2;1;1;0;0;1;1;0;0;0;0;1;1;1;1;1;2
111;550;1;6;3552;1;3;6918;1;1;15349;0;0;3616;1;1;6477;11399;1;2;8898;1;2;11629;1;5;3892;1;4;1;3;1;4;1;2;3544;1;3;3932;1;3;3622;1;6;3074;1;7;3158;1;4;3577;1;5;3319;1;3;2469;1;1;2853;1;2;4121;1;2;3972;1;5;3184;1;3;2806;1;3;2724;1;6;3252;;0;0;1;1;1;1;1;6;1;1;0;0;1;2;1;2;1;2;1;3;0;0;1;1;1;2;1;1;1;2;1;1;1;2;1;1;0;0;0;0;0;0;1;1;1;2
112;555;1;6;3357;1;2;6292;1;1;14638;1;1;4470;1;1;6851;10541;1;2;9957;1;2;12567;1;4;3858;1;3;1;3;1;4;1;2;3572;1;3;3721;1;4;3552;1;5;3057;1;6;3116;1;4;3574;1;4;3399;1;3;2526;0;0;2758;1;2;3603;1;2;3460;1;5;3374;1;1;2848;1;3;2583;1;6;3336;;0;0;1;1;0;0;1;6;1;1;0;0;1;2;1;2;1;2;1;4;0;0;1;1;1;2;1;1;1;2;1;1;1;2;1;2;0;0;0;0;0;0;1;1;1;2
113;560;1;6;3521;1;2;7071;1;1;13779;1;2;5043;1;1;6923;10495;1;3;9380;1;2;11518;1;4;3871;1;4;1;3;1;5;1;2;3599;1;3;3593;1;4;3580;1;5;3390;1;6;3077;1;4;3646;1;3;3312;1;3;2468;0;0;2639;1;2;3633;1;2;3604;1;5;3227;1;1;2808;1;3;2745;1;5;3202;;0;0;1;1;0;0;1;6;0;0;0;0;1;2;1;1;1;2;1;4;0;0;1;2;1;2;1;1;1;2;1;1;1;2;1;2;0;0;0;0;0;0;1;1;1;2
114;565;1;6;3340;1;2;6642;1;1;14383;1;2;5046;0;0;6048;9314;1;3;8343;1;2;13096;1;4;4133;1;4;1;3;1;5;1;1;3481;1;3;3435;1;4;3468;1;5;3290;1;7;2912;1;4;3745;1;3;3320;1;3;2566;0;0;2720;1;1;3796;1;1;3587;1;5;3114;0;0;2453;1;3;2649;1;5;3401;;0;0;1;1;0;0;1;6;0;0;0;0;1;3;0;0;1;2;1;4;0;0;1;2;1;2;1;1;1;2;1;1;1;2;1;3;0;0;1;2;0;0;0;0;1;2
115;570;1;6;3361;1;2;6375;1;1;14545;1;2;5547;0;0;5814;10416;1;3;8903;1;1;14477;1;3;4594;1;4;1;3;1;5;1;1;3488;1;3;3440;1;4;3423;1;5;3249;1;7;2968;1;4;3624;1;4;3780;1;2;2533;1;1;2715;1;1;3862;1;1;4056;1;5;3421;0;0;2445;1;3;2868;1;5;3423;;0;0;1;1;1;1;1;5;0;0;0;0;1;4;0;0;1;2;1;4;0;0;1;2;1;2;1;1;1;2;1;1;1;2;1;3;0;0;1;2;0;0;1;1;1;1
116;575;1;6;3431;1;2;5390;1;1;14065;1;2;5232;0;0;5663;9676;1;3;7926;1;1;13144;1;2;4177;1;4;1;3;1;5;1;1;3492;1;4;3416;1;4;3608;1;5;3239;1;6;3120;1;4;3776;1;4;3410;1;2;2644;1;1;2725;1;1;4290;1;2;4367;1;5;3261;0;0;2456;1;2;2820;1;5;3424;;0;0;1;1;1;1;1;5;0;0;0;0;1;4;0;0;1;2;1;4;0;0;1;2;0;0;1;1;1;2;1;1;1;2;1;3;0;0;1;2;0;0;0;0;1;1
117;580;1;6;3268;1;2;6321;1;1;11959;1;3;5030;0;0;5266;9426;1;3;8175;1;1;13022;1;2;4258;1;3;1;2;1;5;1;1;3102;1;4;3367;1;3;3225;1;5;3137;1;5;3332;1;4;4160;1;4;3203;1;2;2632;1;3;3000;1;1;4057;1;2;3533;1;5;3456;0;0;2383;1;1;2590;1;4;3274;;0;0;0;0;1;1;1;5;0;0;0;0;1;4;0;0;1;2;1;4;0;0;1;1;0;0;1;1;1;2;0;0;1;2;1;3;1;4;1;2;0;0;1;1;1;1
118;585;1;7;3240;1;2;5514;0;0;10985;1;3;4457;0;0;5022;9696;1;3;8643;1;1;13068;1;2;4766;1;3;1;1;1;4;0;0;2856;1;4;3300;1;3;3397;1;5;3143;1;6;2943;1;5;3748;1;4;3307;1;2;2624;1;3;3026;1;2;4363;1;2;3682;1;3;3335;0;0;2459;0;0;2493;1;4;3575;;0;0;0;0;1;1;1;5;0;0;0;0;1;5;0;0;1;2;1;3;0;0;0;0;0;0;1;1;1;2;;;1;2;1;3;1;4;1;2;0;0;0;0;0;0
119;590;1;6;3447;1;2;5174;1;1;10710;1;3;4042;1;1;6008;9140;1;3;9307;1;1;12839;1;1;4324;1;3;1;1;1;4;0;0;2700;1;3;3506;1;2;3505;1;5;3006;1;6;2988;1;5;3581;1;3;3285;1;2;2625;1;3;3115;1;2;4347;1;1;3608;1;3;3149;0;0;2373;0;0;2457;1;4;3497;;0;0;0;0;1;1;1;5;0;0;0;0;1;5;0;0;1;2;1;3;0;0;0;0;1;1;1;1;1;2;;;1;2;1;4;1;4;1;2;0;0;0;0;0;0
120;595;1;7;3219;1;2;5165;1;1;11700;1;2;4438;1;1;6718;9560;1;2;9124;1;1;11452;1;1;4266;1;3;1;1;1;4;0;0;2633;1;3;3421;1;1;3120;1;5;3222;1;6;3035;1;5;3889;1;3;3327;1;1;2619;1;3;2971;1;2;3975;1;1;3524;1;3;3207;0;0;2416;0;0;2445;1;4;3455;;0;0;0;0;1;1;1;5;0;0;0;0;1;5;0;0;1;2;1;3;0;0;0;0;1;1;1;1;1;2;;;1;3;1;4;1;4;1;2;0;0;0;0;0;0
121;600;1;6;3654;1;1;4073;1;1;14337;1;2;4919;1;1;6883;9321;1;1;11527;1;1;11808;1;1;4805;1;3;0;0;1;4;0;0;2598;1;5;3299;1;1;2856;1;6;2976;1;5;2918;1;5;4025;1;3;3788;0;0;2382;1;4;3089;1;1;3933;1;3;3344;1;2;2980;0;0;2386;0;0;2449;1;3;3519;;0;0;0;0;0;0;1;6;0;0;0;0;1;5;0;0;1;3;1;3;0;0;0;0;1;2;1;1;1;2;;;1;4;1;5;1;4;1;2;0;0;0;0;0;0
122;605;1;6;3481;1;1;4183;1;1;13295;1;2;5083;1;1;6327;9655;1;1;9879;0;0;9290;1;1;4901;1;3;0;0;1;4;1;2;2680;1;5;3411;1;1;3162;1;6;3226;1;5;3030;1;4;4025;1;3;3292;0;0;2407;1;4;2956;1;2;3760;1;3;3437;1;1;2740;0;0;2358;1;1;2410;1;3;3236;;0;0;0;0;0;0;1;6;0;0;0;0;1;5;0;0;1;3;1;3;0;0;0;0;1;2;0;0;1;2;;;1;4;1;5;1;4;1;2;0;0;0;0;0;0
123;610;1;5;3391;0;0;4209;1;1;14568;1;2;5295;1;1;6986;9201;1;2;7408;0;0;9363;1;1;4697;1;3;0;0;1;3;1;2;3138;1;5;3393;1;2;3289;1;6;3269;1;5;3054;1;4;4389;1;2;3819;0;0;2404;1;4;3009;1;2;4057;1;3;3675;0;0;2687;0;0;2381;1;2;2554;1;3;3409;;0;0;1;1;0;0;1;7;0;0;0;0;1;5;0;0;1;2;1;4;0;0;0;0;1;2;0;0;1;2;;;1;4;1;5;1;4;1;2;0;0;0;0;0;0
124;615;1;5;3448;0;0;4116;1;1;15115;1;1;4941;1;3;6918;9946;1;1;9346;0;0;9285;1;1;4757;1;3;0;0;1;3;1;3;3131;1;5;3588;1;3;3287;1;6;3195;1;5;3121;1;4;3984;1;2;3311;0;0;2360;1;2;2890;1;3;3649;1;2;3683;0;0;2597;0;0;2344;1;3;2567;1;3;3501;;1;2;1;2;0;0;1;7;0;0;0;0;1;5;0;0;1;2;1;4;1;1;0;0;1;2;0;0;1;2;;;1;3;1;5;1;4;1;2;0;0;0;0;0;0
125;620;1;5;3510;0;0;3834;1;1;11941;1;1;4456;1;3;7009;10078;1;1;12297;0;0;9034;1;1;4349;1;3;0;0;1;3;1;3;3432;1;4;3436;1;4;3496;1;5;3257;1;5;3113;1;4;4199;1;1;3360;1;2;2542;1;3;3103;1;3;3821;1;2;3557;0;0;2634;0;0;2412;1;3;2852;1;3;3406;;1;2;1;2;0;0;1;4;0;0;0;0;1;5;1;1;1;3;1;4;1;1;0;0;1;3;0;0;1;2;;;1;3;1;4;1;4;1;2;0;0;0;0;0;0
126;625;1;4;3399;0;0;3748;1;1;11968;1;1;4264;1;4;6534;9701;1;3;11747;0;0;9171;1;1;4235;1;3;0;0;1;3;1;3;3200;1;4;3296;1;4;3735;1;5;3041;1;5;3271;1;4;4278;1;1;3007;1;2;2886;1;2;3037;1;2;4219;1;3;3829;0;0;2579;0;0;2391;1;3;2802;1;3;3518;;1;2;1;2;0;0;1;4;1;1;0;0;1;5;1;2;1;3;1;4;1;1;0;0;1;3;0;0;0;0;;;1;3;1;4;1;4;1;2;0;0;0;0;0;0
127;630;1;4;3803;0;0;3644;1;1;9826;1;2;4043;1;4;6318;8956;1;3;11986;0;0;9403;1;1;4304;1;3;0;0;1;2;1;3;3084;1;3;3177;1;4;3983;1;6;3422;1;5;3216;1;4;4121;0;0;3040;1;4;2699;1;2;2813;1;2;4381;1;3;3458;0;0;2549;0;0;2403;1;4;2780;1;3;3299;;1;2;1;2;1;1;1;4;1;2;0;0;1;5;1;2;1;3;1;4;1;1;0;0;1;3;1;1;1;1;;;1;3;1;4;1;4;1;2;0;0;0;0;0;0
128;635;1;5;4013;0;0;3632;0;0;8780;1;2;3810;1;4;6205;8272;1;3;10946;0;0;9083;1;2;4452;1;3;0;0;1;2;1;4;3145;1;3;3287;1;4;3685;1;6;3047;1;5;3157;1;4;4033;0;0;2892;1;4;2663;1;2;3012;1;2;4037;1;2;3451;0;0;2512;0;0;2365;1;4;2789;1;3;3571;;1;2;1;2;1;1;1;3;1;2;0;0;1;5;1;2;1;3;1;4;1;1;0;0;1;3;1;1;;;;;1;3;1;4;1;4;1;2;0;0;0;0;0;0
129;640;1;4;4112;0;0;3583;0;0;9241;1;2;3735;1;4;6190;7965;1;3;10661;0;0;9216;1;2;4657;1;3;0;0;1;2;1;4;3011;1;3;3292;1;4;3689;1;6;3024;1;5;3047;1;4;3723;0;0;2834;1;4;2617;1;2;3041;1;2;4510;1;2;3421;0;0;2495;0;0;2391;1;4;2734;1;3;3541;;1;2;1;2;1;1;1;3;1;2;1;1;1;6;1;2;1;3;1;4;1;1;0;0;1;4;1;1;;;;;1;3;1;4;1;4;0;0;0;0;1;1;0;0
130;645;1;4;4178;0;0;3616;0;0;9189;1;1;3523;1;4;6261;8126;1;3;9041;0;0;8923;1;2;4511;1;3;0;0;1;2;1;4;3111;1;3;3223;1;4;3538;1;6;2985;1;5;2990;1;4;3511;0;0;2742;1;4;2632;1;3;2858;1;2;4350;1;1;3619;0;0;2623;0;0;2434;1;4;2745;1;3;3767;;1;2;1;2;1;1;1;2;1;2;1;1;1;6;1;2;1;3;1;4;1;1;0;0;1;4;1;1;;;;;1;3;1;4;1;4;0;0;0;0;1;1;0;0
131;650;1;4;4030;0;0;3337;0;0;9075;1;1;4182;1;1;6601;8643;1;3;10866;0;0;9513;1;2;4215;1;3;0;0;1;2;1;5;3113;1;3;3450;1;4;3593;1;6;3137;1;3;3001;1;4;3973;0;0;2750;1;5;2511;1;4;3180;1;2;4555;1;2;3844;0;0;2580;0;0;2442;1;4;2761;1;3;3592;;1;2;1;2;1;1;1;1;1;2;1;1;;;;;;;1;4;1;1;0;0;1;4;1;1;;;;;1;3;1;3;1;4;0;0;0;0;1;1;0;0
132;655;1;3;4180;0;0;3352;0;0;8899;1;1;3983;1;2;6440;11378;1;3;11440;0;0;9724;1;1;3995;1;3;0;0;1;2;1;5;2933;1;2;3770;1;4;3695;1;6;2999;1;2;3138;1;4;3573;0;0;2752;1;5;2514;1;5;2929;1;2;4256;1;2;3928;0;0;2600;0;0;2399;1;4;2782;1;3;3514;;1;2;1;2;1;1;1;1;1;2;1;1;;;;;;;1;4;1;1;0;0;1;4;1;1;;;;;1;3;1;2;1;4;0;0;0;0;1;1;0;0
133;660;1;4;3654;0;0;3380;0;0;9440;1;1;3776;1;3;5994;11343;1;3;9616;0;0;8719;0;0;3238;1;3;0;0;1;2;1;4;3048;1;3;3949;1;5;3601;1;6;3000;1;1;2842;1;4;3443;0;0;2751;1;5;2616;1;5;3205;1;2;3521;1;3;4144;0;0;2616;0;0;2372;1;7;2645;1;3;3564;;1;2;1;4;1;1;0;0;1;2;1;1;;;;;;;1;4;1;2;0;0;1;4;1;1;;;;;1;3;1;2;1;4;0;0;0;0;1;1;0;0
134;665;1;2;3591;0;0;3378;0;0;9697;1;1;3691;1;3;6321;12668;1;3;11043;1;2;13752;0;0;3089;1;3;0;0;1;2;1;4;2846;1;4;3870;1;6;3647;1;6;3062;0;0;2627;1;4;3424;0;0;2830;1;5;2501;1;6;3054;0;0;3151;1;3;3809;0;0;2542;0;0;2380;1;6;2527;1;3;3678;;1;2;1;4;1;1;0;0;1;2;1;1;;;;;;;1;4;1;2;0;0;1;3;1;1;;;;;1;3;1;2;1;3;;;0;0;1;1;0;0
135;670;1;2;3145;0;0;3368;0;0;9068;1;3;3725;1;3;6053;11959;1;3;10710;1;2;14530;0;0;2900;1;3;0;0;1;2;1;4;2965;1;5;3395;1;8;3255;1;6;3029;0;0;2618;1;4;3483;0;0;2746;1;5;2616;1;6;2983;0;0;3090;1;3;3259;0;0;2568;0;0;2401;1;7;2580;1;3;3295;;0;0;1;4;0;0;0;0;1;2;1;1;;;;;;;1;3;1;2;0;0;1;5;1;1;;;;;1;3;1;2;1;3;;;0;0;1;3;0;0
136;675;1;2;2966;0;0;3428;1;2;11084;1;3;3534;1;3;6871;10268;1;4;8389;1;2;15929;0;0;3136;1;3;0;0;1;2;1;4;2856;1;5;3288;1;8;3320;1;7;3150;0;0;2614;1;3;3638;0;0;2873;1;5;2532;1;6;2902;0;0;3000;1;3;3186;0;0;2516;0;0;2425;1;7;2570;1;4;3291;;0;0;1;4;1;2;0;0;1;2;1;1;;;;;;;1;3;1;3;0;0;1;5;1;2;;;;;1;2;0;0;1;3;;;0;0;1;3;0;0
137;680;0;0;2710;0;0;3361;1;3;13151;1;3;3630;1;3;6549;10542;1;4;7818;1;2;16287;0;0;2813;1;3;0;0;1;2;1;5;2843;1;5;3421;1;8;3090;1;7;3000;0;0;2457;1;3;3102;0;0;2779;1;5;2537;1;7;2902;0;0;3099;1;2;3643;0;0;2569;0;0;2448;1;7;2563;1;4;3185;;0;0;1;4;1;2;0;0;1;3;0;0;;;;;;;1;3;1;3;1;1;1;5;1;2;;;;;1;1;0;0;1;3;;;0;0;1;3;0;0
138;685;0;0;2655;0;0;3339;1;3;11550;1;3;3509;1;3;7110;12439;1;4;8493;1;2;14926;0;0;2962;1;3;0;0;1;1;1;5;2877;1;3;3533;1;7;3203;1;7;2910;0;0;2579;1;3;3012;0;0;2716;1;5;2543;1;7;2766;0;0;2935;1;2;3663;0;0;2553;0;0;2426;1;7;2670;1;4;3343;;0;0;1;4;1;2;0;0;1;3;0;0;;;;;;;1;3;1;3;1;2;1;5;1;2;;;;;1;1;0;0;1;2;;;0;0;1;3;1;1
139;690;0;0;2711;0;0;3384;1;4;10421;1;3;3478;1;3;7605;14649;1;4;7605;1;2;15193;0;0;2860;1;3;0;0;1;1;1;5;2925;1;3;3809;1;7;3158;1;7;3304;0;0;2618;1;2;2834;0;0;2799;1;5;2533;1;6;2893;0;0;3083;1;2;3532;0;0;2576;0;0;2427;1;7;2585;1;4;3302;;0;0;1;5;1;2;0;0;1;3;0;0;;;;;;;1;3;1;2;1;2;1;5;1;2;;;;;1;1;0;0;1;2;;;0;0;1;3;1;1
140;695;0;0;2629;0;0;3450;1;4;10029;1;4;3258;1;3;7235;15025;1;3;8054;1;2;17636;0;0;2840;1;3;0;0;1;1;1;5;2832;1;3;3906;1;7;3211;1;4;3389;0;0;2476;0;0;2763;0;0;2727;1;5;2420;1;6;2707;0;0;2994;1;1;3414;0;0;2537;0;0;2413;1;6;2567;1;3;3330;;0;0;1;5;1;2;0;0;1;1;0;0;;;;;;;1;3;1;2;1;2;1;5;1;2;;;;;1;1;0;0;1;2;;;0;0;1;3;1;2
141;700;0;0;2586;0;0;3360;1;4;9707;1;4;3264;1;3;6881;15594;1;3;7040;1;2;16190;0;0;2899;1;3;0;0;1;1;1;5;2948;1;5;3726;1;7;3217;1;4;3344;0;0;2607;0;0;2746;0;0;2769;1;5;2451;1;6;2841;1;1;3020;1;1;3470;0;0;2542;0;0;2463;1;5;2622;1;2;3476;;0;0;1;5;1;2;0;0;1;1;0;0;;;;;;;1;3;0;0;1;2;1;3;1;4;;;;;1;1;0;0;1;1;;;1;2;1;4;1;2
142;705;0;0;2548;0;0;3429;1;4;9582;1;4;3310;1;3;6867;13139;1;3;7742;1;2;15602;0;0;2881;1;1;0;0;1;1;1;5;2937;1;5;3546;1;7;3185;1;3;2820;0;0;2513;0;0;2792;0;0;2826;1;5;2414;1;5;2765;1;1;3498;0;0;2915;0;0;2590;0;0;2441;1;5;2578;1;2;3601;;0;0;1;6;1;2;0;0;1;1;0;0;;;;;;;1;3;0;0;1;3;1;4;1;4;;;;;1;1;0;0;1;1;;;1;2;1;5;1;2
143;710;0;0;2513;0;0;3448;1;4;9832;1;4;3292;1;2;7235;12301;1;2;8645;1;2;15378;0;0;2910;1;1;0;0;1;1;1;6;2996;1;5;3732;1;7;3386;0;0;2711;0;0;2576;0;0;2759;0;0;2818;1;5;2456;1;7;2891;1;2;3684;1;1;3120;0;0;2586;0;0;2397;1;5;2661;1;3;3259;;0;0;1;4;1;2;0;0;1;1;0;0;;;;;;;1;3;0;0;1;3;1;4;1;4;;;;;1;1;0;0;1;1;;;1;2;1;5;1;2
144;715;0;0;2599;0;0;3420;1;3;11057;1;3;3444;1;2;7149;9815;1;1;8595;1;2;14702;0;0;2864;1;1;0;0;0;0;1;4;3046;1;5;3479;1;6;3204;0;0;2662;0;0;2553;0;0;2791;0;0;2887;1;5;2427;1;7;2889;1;2;3862;1;1;3424;0;0;2514;0;0;2437;1;5;2523;1;3;3403;;0;0;1;4;1;4;0;0;1;2;0;0;;;;;;;1;3;1;1;1;3;1;4;1;4;;;;;1;1;0;0;1;1;;;1;2;1;5;1;2
145;720;0;0;2515;0;0;3355;1;3;11658;1;3;3385;1;2;7616;10836;1;1;8754;1;2;15353;0;0;2887;1;1;0;0;0;0;1;4;2981;1;5;3581;1;7;3292;0;0;2648;0;0;2555;0;0;2775;0;0;2812;1;5;2440;1;7;2787;1;4;3728;1;3;3073;0;0;2512;0;0;2469;1;5;2590;1;3;2988;;0;0;1;4;1;4;0;0;1;2;0;0;;;;;;;1;3;1;1;1;3;1;6;1;4;;;;;1;1;0;0;1;1;;;1;2;1;5;1;2
146;725;0;0;2481;0;0;3416;1;3;10274;1;3;3321;1;2;6437;11529;1;1;9071;1;2;11690;0;0;2846;1;1;0;0;0;0;1;4;2978;1;5;3336;1;7;3156;0;0;2591;0;0;2621;0;0;2821;0;0;2903;1;4;2461;1;4;2772;1;3;3650;1;5;3352;0;0;2541;0;0;2431;1;5;2651;1;4;3368;;0;0;1;4;1;4;0;0;1;3;0;0;;;;;;;1;2;1;1;1;4;1;3;1;4;;;;;0;0;0;0;1;1;;;1;2;1;5;1;2
147;730;0;0;2533;0;0;3567;1;3;10431;1;2;3415;1;2;7604;13594;1;1;9575;1;2;11089;0;0;2954;0;0;0;0;0;0;1;5;3078;1;5;3426;1;5;3347;0;0;2590;0;0;2583;0;0;2704;0;0;2812;1;4;2457;1;2;2894;1;3;3568;1;5;3126;0;0;2569;-1;-1;2305;1;5;2682;1;3;3127;;0;0;1;4;1;2;0;0;1;3;0;0;;;;;;;1;2;1;1;1;4;1;4;1;4;;;;;0;0;0;0;1;1;;;1;2;1;5;1;3
148;735;0;0;2553;0;0;3411;1;3;10229;1;3;3342;1;2;6576;13306;1;5;9147;1;2;9995;0;0;3040;0;0;0;0;0;0;1;5;3010;1;5;3334;1;5;3453;0;0;2625;0;0;2536;0;0;2718;0;0;2883;1;4;2523;1;1;2978;1;3;3813;1;5;3169;0;0;2541;;;;1;4;2658;1;2;3008;;0;0;1;4;1;2;0;0;1;3;0;0;;;;;;;1;2;1;1;1;3;1;4;1;2;;;;;0;0;0;0;1;1;;;1;2;1;5;1;3
149;740;0;0;2532;0;0;3548;1;3;10652;1;3;3557;1;2;7329;16752;1;5;9290;1;2;10684;0;0;3014;0;0;0;0;0;0;1;5;3186;1;5;3485;1;6;3520;0;0;2583;0;0;2529;0;0;2763;0;0;2837;1;4;2475;1;1;3088;1;3;3705;1;5;3029;0;0;2550;;;;1;4;2539;0;0;2766;;0;0;1;4;1;2;0;0;1;3;0;0;;;;;;;1;2;1;2;1;2;1;4;1;2;;;;;0;0;0;0;1;1;;;1;2;1;5;1;3
150;745;0;0;2569;0;0;3574;1;3;11180;1;3;3427;1;1;6723;15372;1;5;8502;1;2;11018;0;0;2976;0;0;0;0;0;0;1;4;2888;1;7;3393;1;6;3732;0;0;2598;0;0;2519;0;0;2752;0;0;2927;1;4;2505;1;1;2725;1;4;3713;1;5;3155;0;0;2560;;;;1;4;2522;0;0;2806;;0;0;1;4;1;1;0;0;1;3;0;0;;;;;;;1;1;1;2;1;1;1;4;1;2;;;;;0;0;0;0;0;0;;;1;2;1;5;1;2
151;750;0;0;2521;0;0;3638;1;3;11358;1;3;3779;1;1;6698;11034;1;5;7894;1;2;12399;-1;-1;2419;0;0;0;0;0;0;1;4;3015;1;7;3177;1;6;3532;0;0;2637;0;0;2493;0;0;2773;0;0;2838;1;4;2464;1;1;2591;1;4;3873;1;5;2999;0;0;2592;;;;1;4;2573;0;0;2716;;0;0;1;4;1;1;0;0;1;3;1;1;;;;;;;0;0;1;3;0;0;1;4;1;2;;;;;0;0;0;0;0;0;;;1;2;1;5;1;2
152;755;0;0;2556;0;0;3688;1;3;11253;1;3;3490;1;1;6969;9349;1;5;8263;1;3;12042;;;;0;0;0;0;0;0;1;4;2842;1;8;2877;1;6;3538;0;0;2583;0;0;2501;0;0;2709;0;0;2790;1;4;2481;0;0;2502;1;4;3751;1;5;2961;0;0;2553;;;;1;3;2455;0;0;2785;;1;1;1;4;1;1;0;0;1;4;1;1;;;;;;;0;0;1;3;0;0;1;4;1;2;;;;;0;0;0;0;0;0;;;1;2;1;4;1;2
153;760;0;0;2537;0;0;3425;1;3;13126;1;4;3480;1;1;5936;8844;1;5;8952;1;3;11690;;;;0;0;0;0;0;0;1;4;3128;1;9;3001;1;6;3387;0;0;2657;0;0;2474;0;0;2768;0;0;2852;1;5;2429;0;0;2565;1;6;3726;1;7;3072;0;0;2568;;;;1;3;2578;0;0;2801;;1;1;1;4;1;1;0;0;1;4;1;2;;;;;;;0;0;1;3;0;0;1;4;1;2;;;;;0;0;0;0;0;0;;;0;0;1;4;1;2
154;765;0;0;2549;-1;-1;2973;1;3;13648;1;4;3691;1;1;5712;8910;1;5;9547;1;3;10918;;;;0;0;0;0;0;0;1;4;2954;1;6;2881;1;5;3478;0;0;2598;0;0;2529;0;0;2781;0;0;2911;1;4;2490;0;0;2566;1;6;3610;1;7;2910;-1;-1;2534;;;;1;3;2594;0;0;2929;;1;1;1;4;1;1;0;0;1;4;1;2;;;;;;;0;0;1;3;0;0;1;4;1;3;;;;;0;0;0;0;0;0;;;0;0;1;3;1;2
155;770;0;0;2565;;;;1;3;11594;1;3;4175;1;1;6427;8937;1;5;8241;1;3;10508;;;;0;0;0;0;0;0;1;4;3044;1;5;3188;1;5;3222;0;0;2648;0;0;2504;0;0;2786;0;0;2839;1;4;2440;0;0;2707;1;6;3700;1;7;2881;;;;;;;1;3;2774;0;0;2750;;1;1;1;4;0;0;0;0;1;2;1;2;;;;;;;0;0;1;4;0;0;1;4;1;3;;;;;0;0;0;0;0;0;;;0;0;1;3;1;2
156;775;0;0;2494;;;;1;3;12957;1;4;3753;1;1;6008;13444;1;5;8760;1;3;10928;;;;0;0;0;0;0;0;1;4;2907;1;7;3041;1;5;3369;0;0;2682;0;0;2505;0;0;2798;0;0;2882;1;3;2421;0;0;2599;1;6;3431;1;7;2948;;;;;;;1;2;2477;0;0;2874;;1;1;1;4;0;0;0;0;1;2;1;2;;;;;;;0;0;1;4;0;0;1;4;1;3;;;;;0;0;0;0;0;0;;;0;0;1;3;1;2
157;780;0;0;2560;;;;1;3;13919;1;4;3808;1;1;5724;14481;1;5;7700;1;3;10913;;;;0;0;0;0;0;0;1;3;3089;1;8;3209;1;4;3279;0;0;2679;0;0;2516;0;0;2793;0;0;2939;1;3;2404;0;0;2688;1;6;3768;1;6;2897;;;;;;;1;2;2511;0;0;2765;;1;1;1;2;0;0;0;0;1;1;1;1;;;;;;;0;0;1;4;0;0;1;4;1;3;;;;;0;0;0;0;0;0;;;0;0;1;3;1;1
158;785;0;0;2575;;;;1;3;17059;1;4;3771;1;1;5159;13447;1;5;7363;1;3;9913;;;;0;0;0;0;0;0;1;3;2994;1;8;3402;1;4;3391;0;0;2636;0;0;2582;0;0;2807;0;0;2891;1;3;2420;0;0;2497;1;7;3312;1;6;3000;;;;;;;1;2;2442;0;0;2807;;1;1;1;1;0;0;0;0;1;1;1;2;;;;;;;0;0;1;4;0;0;1;3;1;3;;;;;0;0;0;0;0;0;;;0;0;1;3;1;1
159;790;0;0;2558;;;;1;3;14435;1;4;3736;0;0;4767;13641;1;5;7790;1;4;11572;;;;0;0;0;0;0;0;1;3;2916;1;8;3284;1;3;3429;0;0;2770;0;0;2562;0;0;2820;-1;-1;;1;2;2495;0;0;2609;1;7;3392;1;6;2984;;;;;;;0;0;2432;0;0;2813;;1;1;1;1;0;0;0;0;1;1;1;2;;;;;;;0;0;1;2;0;0;1;3;1;3;;;;;0;0;0;0;0;0;;;0;0;1;3;1;1
160;795;0;0;2600;;;;1;2;14993;1;4;3510;0;0;4587;13756;1;5;8066;1;4;9996;;;;0;0;-1;-1;0;0;1;3;2968;1;8;3322;1;3;3025;0;0;2691;0;0;2575;0;0;2779;;;;1;2;2411;0;0;2563;1;7;3647;1;6;3157;;;;;;;0;0;2385;0;0;2730;;1;1;1;1;0;0;0;0;1;1;1;2;;;;;;;;;;;0;0;1;3;1;3;;;;;0;0;0;0;0;0;;;0;0;1;3;1;1
161;800;0;0;2559;;;;1;2;16815;1;4;3896;0;0;4548;12734;1;5;8580;1;3;10075;;;;0;0;;;0;0;1;2;2941;1;8;3480;1;2;2948;0;0;2642;0;0;2588;0;0;2837;;;;1;2;2383;0;0;2585;1;7;3686;1;6;2884;;;;;;;0;0;2344;0;0;2683;;1;1;0;0;0;0;0;0;1;1;1;2;;;;;;;;;;;0;0;1;3;1;3;;;;;0;0;0;0;0;0;;;0;0;1;2;1;1
162;805;0;0;2603;;;;1;2;12670;1;4;3781;0;0;4676;11861;1;5;8329;1;3;8765;;;;0;0;;;0;0;1;1;2964;1;8;3327;0;0;2675;-1;-1;2561;0;0;2535;0;0;2819;;;;1;2;2336;0;0;2564;1;7;3510;1;6;2877;;;;;;;0;0;2333;0;0;2783;;0;0;0;0;0;0;0;0;1;1;1;3;;;;;;;;;;;0;0;1;3;1;3;;;;;0;0;0;0;0;0;;;0;0;1;2;1;1
163;810;0;0;2686;;;;1;2;13569;1;4;3887;0;0;4519;11734;1;5;7884;;;8804;;;;0;0;;;0;0;1;1;2781;1;8;3480;0;0;2659;;;;0;0;2538;0;0;2864;;;;0;0;2288;0;0;2632;1;7;3406;1;5;3127;;;;;;;0;0;2377;0;0;2729;;1;2;0;0;0;0;0;0;0;0;1;3;;;;;;;;;;;0;0;1;3;1;3;;;;;0;0;0;0;0;0;;;0;0;1;2;1;1
164;815;0;0;2729;;;;1;2;13728;1;5;3908;0;0;4700;11964;1;5;9002;0;0;8119;;;;0;0;;;0;0;1;1;2761;1;8;3319;0;0;2699;;;;0;0;2622;0;0;2792;;;;0;0;2262;0;0;2510;1;5;3582;1;6;3039;;;;;;;0;0;2390;0;0;2866;;1;2;0;0;0;0;0;0;0;0;1;3;;;;;;;;;;;1;1;1;3;1;3;;;;;0;0;0;0;0;0;;;0;0;1;1;1;1
165;820;0;0;2672;;;;1;2;12517;1;5;3823;0;0;4454;12352;1;5;9157;0;0;8174;;;;0;0;;;0;0;0;0;2686;1;7;3434;0;0;2592;;;;0;0;2659;0;0;2763;;;;0;0;2253;0;0;2604;1;5;3789;1;6;2954;;;;;;;0;0;2396;0;0;2774;;1;2;0;0;0;0;0;0;0;0;1;3;;;;;;;;;;;1;2;1;3;1;3;;;;;0;0;0;0;0;0;;;0;0;0;0;0;0
166;825;0;0;2657;;;;1;2;12389;1;3;3748;0;0;4393;10663;1;5;7964;0;0;7931;;;;0;0;;;0;0;0;0;2481;1;7;3416;0;0;2567;;;;-1;-1;2509;0;0;2738;;;;0;0;2308;0;0;2517;1;4;4124;1;6;2980;;;;;;;0;0;2287;0;0;2786;;1;2;0;0;1;1;0;0;0;0;1;3;;;;;;;;;;;1;2;1;3;1;3;;;;;0;0;0;0;0;0;;;0;0;0;0;0;0
167;830;-1;-1;2632;;;;1;2;12587;1;3;3952;0;0;4399;10022;1;5;9535;0;0;8645;;;;0;0;;;0;0;0;0;2596;1;8;3346;0;0;2621;;;;;;;0;0;2734;;;;0;0;2283;0;0;2601;1;4;4351;1;5;3025;;;;;;;0;0;2354;0;0;2827;;1;2;0;0;1;1;0;0;0;0;1;3;;;;;;;;;;;1;3;1;3;1;3;;;;;0;0;0;0;0;0;;;0;0;0;0;0;0
168;835;;;;;;;1;2;11180;1;3;3554;0;0;4581;10180;1;5;8465;0;0;8129;;;;0;0;;;0;0;0;0;2548;1;8;3178;0;0;2626;;;;;;;0;0;2813;;;;0;0;2292;0;0;2539;1;4;3981;1;5;3080;;;;;;;0;0;2285;0;0;2772;;1;2;0;0;1;2;0;0;0;0;1;3;;;;;;;;;;;1;3;1;3;1;3;;;;;0;0;0;0;0;0;;;0;0;0;0;0;0
169;840;;;;;;;1;2;11010;1;3;3846;0;0;4394;9741;1;5;8461;0;0;7745;;;;0;0;;;0;0;0;0;2534;1;8;3335;0;0;2601;;;;;;;0;0;2858;;;;0;0;2271;0;0;2563;1;4;4163;1;6;2997;;;;;;;0;0;2372;0;0;2811;;1;2;0;0;1;2;0;0;0;0;1;2;;;;;;;;;;;1;3;1;3;1;3;;;;;0;0;0;0;0;0;;;0;0;0;0;0;0
170;845;;;;;;;1;2;11051;1;3;3940;0;0;4362;10400;1;4;8933;0;0;7677;;;;0;0;;;0;0;0;0;2542;1;8;3085;0;0;2636;;;;;;;0;0;2827;;;;0;0;2292;0;0;2521;1;3;4035;1;6;3032;;;;;;;0;0;2315;0;0;2845;;1;2;0;0;1;2;0;0;1;1;1;2;;;;;;;;;;;1;4;1;3;1;3;;;;;0;0;0;0;0;0;;;1;2;0;0;0;0
171;850;;;;;;;1;1;9752;1;2;3558;0;0;4553;9778;1;4;8583;0;0;7816;;;;0;0;;;0;0;0;0;2599;1;8;3086;0;0;2678;;;;;;;0;0;2793;;;;0;0;2286;0;0;2567;1;3;4143;1;4;3093;;;;;;;0;0;2373;0;0;2776;;1;2;0;0;1;2;0;0;1;1;1;2;;;;;;;;;;;1;4;1;3;1;3;;;;;0;0;0;0;0;0;;;1;2;0;0;0;0
172;855;;;;;;;0;0;8691;1;3;3331;0;0;4454;11313;1;4;8575;0;0;7793;;;;0;0;;;0;0;0;0;2518;1;8;3173;0;0;2706;;;;;;;0;0;2814;;;;0;0;2350;0;0;2515;1;3;3801;1;4;3082;;;;;;;0;0;2306;0;0;2955;;1;2;0;0;1;4;0;0;1;1;1;2;;;;;;;;;;;1;4;1;3;1;3;;;;;0;0;0;0;0;0;;;1;2;0;0;0;0
173;860;;;;;;;0;0;8220;1;3;3279;0;0;4404;10248;1;4;8372;0;0;7717;;;;0;0;;;0;0;0;0;2483;1;8;3360;0;0;2684;;;;;;;0;0;2906;;;;0;0;2333;0;0;2559;1;3;3950;1;4;3283;;;;;;;0;0;2343;0;0;2811;;;;;;;;;;;;;;;;;;;;;;;;1;4;1;3;1;3;;;;;0;0;0;0;0;0;;;1;3;0;0;0;0
174;865;;;;;;;0;0;8181;1;3;3342;0;0;4469;9152;1;2;9297;0;0;7874;;;;0;0;;;0;0;0;0;2464;1;7;3125;0;0;2657;;;;;;;0;0;2851;;;;0;0;2331;0;0;2542;1;3;3741;1;3;3649;;;;;;;0;0;2319;0;0;2852;;;;;;;;;;;;;;;;;;;;;;;;1;4;1;3;1;3;;;;;0;0;0;0;0;0;;;1;3;0;0;0;0
175;870;;;;;;;0;0;7801;0;0;3195;0;0;4296;8706;1;2;7979;0;0;7281;;;;0;0;;;0;0;0;0;2495;1;7;3220;0;0;2667;;;;;;;0;0;2895;;;;0;0;2316;0;0;2670;1;2;4117;1;4;3454;;;;;;;0;0;2352;0;0;2772;;;;;;;;;;;;;;;;;;;;;;;;1;4;1;3;1;3;;;;;;;;;;;;;1;3;0;0;0;0
176;875;;;;;;;0;0;7705;0;0;3277;0;0;4303;8134;1;1;6939;0;0;7226;;;;-1;-1;;;0;0;0;0;2464;1;8;2962;0;0;2653;;;;;;;-1;-1;2844;;;;0;0;2330;0;0;2581;1;2;4124;1;4;3347;;;;;;;0;0;2399;0;0;2845;;;;;;;;;;;;;;;;;;;;;;;;1;4;;;;;;;;;;;;;;;;;;;;;;
177;880;;;;;;;0;0;7486;0;0;3162;0;0;4161;8460;1;1;6243;0;0;7236;;;;;;;;0;0;0;0;2458;1;8;3047;0;0;2684;;;;;;;;;;;;;0;0;2258;0;0;2647;1;2;3947;1;4;3513;;;;;;;0;0;2334;0;0;2712;;;;;;;;;;;;;;;;;;;;;;;;1;3;;;;;;;;;;;;;;;;;;;;;;
178;885;;;;;;;0;0;7452;0;0;3115;0;0;4066;8390;1;1;6420;0;0;7185;;;;;;;;0;0;0;0;2472;1;8;3075;0;0;2630;;;;;;;;;;;;;0;0;2315;0;0;2526;1;2;4128;1;4;3469;;;;;;;0;0;2349;0;0;2920;;;;;;;;;;;;;;;;;;;;;;;;1;3;;;;;;;;;;;;;;;;;;;;;;
179;890;;;;;;;0;0;7601;0;0;3035;0;0;4291;8858;1;1;6256;0;0;7354;;;;;;;;0;0;0;0;2550;1;8;3198;0;0;2750;;;;;;;;;;;;;0;0;2301;0;0;2643;1;2;3731;1;4;3190;;;;;;;0;0;2387;0;0;2741;;;;;;;;;;;;;;;;;;;;;;;;1;1;;;;;;;;;;;;;;;;;;;;;;
180;895;;;;;;;0;0;7781;0;0;3129;0;0;4335;9595;1;1;5898;0;0;6647;;;;;;;;0;0;0;0;2431;1;7;3195;0;0;2705;;;;;;;;;;;;;0;0;2321;0;0;2536;1;2;3587;1;4;3568;;;;;;;0;0;2353;0;0;2893;;;;;;;;;;;;;;;;;;;;;;;;1;1;;;;;;;;;;;;;;;;;;;;;;
181;900;;;;;;;0;0;7751;0;0;2978;0;0;4271;9670;1;1;5848;0;0;7105;;;;;;;;0;0;0;0;2497;1;6;3525;0;0;2720;;;;;;;;;;;;;0;0;2341;0;0;2508;1;2;3387;1;3;3113;;;;;;;0;0;2404;0;0;2732;;;;;;;;;;;;;;;;;;;;;;;;1;1;;;;;;;;;;;;;;;;;;;;;;
182;905;;;;;;;0;0;7461;0;0;3087;0;0;4596;10651;1;1;6496;0;0;7597;;;;;;;;0;0;0;0;2455;1;6;3191;0;0;2692;;;;;;;;;;;;;0;0;2363;0;0;2514;1;2;3274;1;2;3290;;;;;;;0;0;2332;0;0;2732;;;;;;;;;;;;;;;;;;;;;;;;1;1;;;;;;;;;;;;;;;;;;;;;;
183;910;;;;;;;0;0;6854;0;0;3240;0;0;4299;11141;1;1;5486;0;0;6835;;;;;;;;0;0;0;0;2542;1;6;3557;0;0;2713;;;;;;;;;;;;;0;0;2274;0;0;2579;0;0;2904;1;2;2926;;;;;;;0;0;2387;-1;-1;2337;;;;;;;;;;;;;;;;;;;;;;;;1;1;;;;;;;;;;;;;;;;;;;;;;
184;915;;;;;;;0;0;7084;0;0;3118;0;0;4481;11705;1;1;6695;0;0;6934;;;;;;;;-1;-1;0;0;2458;1;6;3369;0;0;2677;;;;;;;;;;;;;0;0;2314;0;0;2532;0;0;2808;1;2;2761;;;;;;;0;0;2358;;;;;;;;;;;;;;;;;;;;;;;;;;;0;0;;;;;;;;;;;;;;;;;;;;;;
185;920;;;;;;;0;0;7310;0;0;3291;0;0;4428;11900;1;1;5945;0;0;7187;;;;;;;;;;0;0;2445;1;6;3289;0;0;2688;;;;;;;;;;;;;0;0;2308;0;0;2588;0;0;2830;0;0;2543;;;;;;;0;0;2368;;;;;;;;;;;;;;;;;;;;;;;;;;;0;0;;;;;;;;;;;;;;;;;;;;;;
186;925;;;;;;;0;0;7255;0;0;3100;0;0;4388;12170;1;1;6186;0;0;7118;;;;;;;;;;0;0;2471;1;5;3157;0;0;2735;;;;;;;;;;;;;0;0;2338;0;0;2544;0;0;2856;0;0;2637;;;;;;;0;0;2310;;;;;;;;;;;;;;;;;;;;;;;;;;;0;0;;;;;;;;;;;;;;;;;;;;;;
187;930;;;;;;;0;0;6582;0;0;3008;0;0;4331;8494;1;1;6309;0;0;7079;;;;;;;;;;0;0;2465;1;5;3031;0;0;2701;;;;;;;;;;;;;0;0;2323;0;0;2564;0;0;2897;0;0;2562;;;;;;;0;0;2408;;;;;;;;;;;;;;;;;;;;;;;;;;;0;0;;;;;;;;;;;;;;;;;;;;;;
188;935;;;;;;;0;0;6797;0;0;3093;0;0;4695;8902;1;1;6145;0;0;6709;;;;;;;;;;0;0;2495;1;5;3098;0;0;2852;;;;;;;;;;;;;-1;-1;2346;0;0;2506;0;0;2761;0;0;2549;;;;;;;0;0;2366;;;;;;;;;;;;;;;;;;;;;;;;;;;0;0;;;;;;;;;;;;;;;;;;;;;;
189;940;;;;;;;0;0;7258;0;0;3032;0;0;4501;8065;0;0;5832;0;0;6661;;;;;;;;;;0;0;2511;1;5;3346;0;0;2811;;;;;;;;;;;;;;;;0;0;2576;0;0;2901;0;0;2542;;;;;;;0;0;2412;;;;;;;;;;;;;;;;;;;;;;;;;;;0;0;;;;;;;;;;;;;;;;;;;;;;
190;945;;;;;;;0;0;6947;0;0;3214;0;0;4461;7746;0;0;5291;0;0;6875;;;;;;;;;;0;0;2524;1;5;3289;-1;-1;2502;;;;;;;;;;;;;;;;0;0;2560;0;0;2843;0;0;2518;;;;;;;-1;-1;2421;;;;;;;;;;;;;;;;;;;;;;;;;;;0;0;;;;;;;;;;;;;;;;;;;;;;
191;950;;;;;;;0;0;6563;0;0;3054;0;0;4602;8299;0;0;5846;0;0;6762;;;;;;;;;;0;0;2574;1;5;3377;;;;;;;;;;;;;;;;;;;0;0;2556;0;0;2897;0;0;2501;;;;;;;;;;;;;;;;;;;;;;;;;;;;;;;;;;;;0;0;;;;;;;;;;;;;;;;;;;;;;
192;955;;;;;;;0;0;6972;0;0;3020;0;0;4441;7349;0;0;5743;0;0;6676;;;;;;;;;;0;0;2523;1;5;3162;;;;;;;;;;;;;;;;;;;0;0;2547;0;0;2820;0;0;2567;;;;;;;;;;;;;;;;;;;;;;;;;;;;;;;;;;;;1;1;;;;;;;;;;;;;;;;;;;;;;
193;960;;;;;;;0;0;7166;0;0;2967;-1;-1;3670;7328;0;0;5666;0;0;7052;;;;;;;;;;0;0;2548;1;3;3103;;;;;;;;;;;;;;;;;;;0;0;2677;0;0;2841;0;0;2586;;;;;;;;;;;;;;;;;;;;;;;;;;;;;;;;;;;;1;1;;;;;;;;;;;;;;;;;;;;;;
194;965;;;;;;;0;0;7144;0;0;2960;;;;7286;0;0;6065;0;0;6933;;;;;;;;;;-1;-1;2387;1;2;3258;;;;;;;;;;;;;;;;;;;0;0;2514;0;0;2815;0;0;2564;;;;;;;;;;;;;;;;;;;;;;;;;;;;;;;;;;;;1;3;;;;;;;;;;;;;;;;;;;;;;
195;970;;;;;;;0;0;6970;0;0;3100;;;;7336;0;0;5532;0;0;7056;;;;;;;;;;;;;1;1;2914;;;;;;;;;;;;;;;;;;;0;0;2585;0;0;2756;0;0;2474;;;;;;;;;;;;;;;;;;;;;;;;;;;;;;;;;;;;1;3;;;;;;;;;;;;;;;;;;;;;;
196;975;;;;;;;0;0;6937;0;0;2859;;;;7882;0;0;5646;0;0;6799;;;;;;;;;;;;;0;0;3019;;;;;;;;;;;;;;;;;;;0;0;2532;0;0;2716;0;0;2553;;;;;;;;;;;;;;;;;;;;;;;;;;;;;;;;;;;;1;3;;;;;;;;;;;;;;;;;;;;;;
197;980;;;;;;;0;0;7114;-1;-1;2592;;;;7364;0;0;5615;0;0;7295;;;;;;;;;;;;;0;0;2909;;;;;;;;;;;;;;;;;;;0;0;2613;0;0;2773;0;0;2550;;;;;;;;;;;;;;;;;;;;;;;;;;;;;;;;;;;;1;3;;;;;;;;;;;;;;;;;;;;;;
198;985;;;;;;;0;0;6866;;;;;;;7650;0;0;5758;0;0;7325;;;;;;;;;;;;;0;0;2986;;;;;;;;;;;;;;;;;;;-1;-1;2417;0;0;2851;0;0;2603;;;;;;;;;;;;;;;;;;;;;;;;;;;;;;;;;;;;1;3;;;;;;;;;;;;;;;;;;;;;;
199;990;;;;;;;0;0;6943;;;;;;;7487;0;0;5665;0;0;7228;;;;;;;;;;;;;0;0;2783;;;;;;;;;;;;;;;;;;;;;;0;0;2759;0;0;2573;;;;;;;;;;;;;;;;;;;;;;;;;;;;;;;;;;;;1;4;;;;;;;;;;;;;;;;;;;;;;
200;995;;;;;;;0;0;6906;;;;;;;6735;0;0;5522;0;0;7180;;;;;;;;;;;;;0;0;3000;;;;;;;;;;;;;;;;;;;;;;0;0;2803;0;0;2621;;;;;;;;;;;;;;;;;;;;;;;;;;;;;;;;;;;;1;4;;;;;;;;;;;;;;;;;;;;;;
201;1000;;;;;;;0;0;7607;;;;;;;7435;0;0;5566;0;0;7491;;;;;;;;;;;;;0;0;2811;;;;;;;;;;;;;;;;;;;;;;0;0;2740;0;0;2531;;;;;;;;;;;;;;;;;;;;;;;;;;;;;;;;;;;;1;5;;;;;;;;;;;;;;;;;;;;;;
202;1005;;;;;;;0;0;7186;;;;;;;6997;0;0;5743;0;0;7655;;;;;;;;;;;;;0;0;2934;;;;;;;;;;;;;;;;;;;;;;0;0;2822;0;0;2602;;;;;;;;;;;;;;;;;;;;;;;;;;;;;;;;;;;;1;5;;;;;;;;;;;;;;;;;;;;;;
203;1010;;;;;;;0;0;6825;;;;;;;6825;0;0;5417;0;0;7604;;;;;;;;;;;;;0;0;2723;;;;;;;;;;;;;;;;;;;;;;0;0;2864;0;0;2653;;;;;;;;;;;;;;;;;;;;;;;;;;;;;;;;;;;;1;5;;;;;;;;;;;;;;;;;;;;;;
204;1015;;;;;;;0;0;6991;;;;;;;6597;0;0;5538;0;0;7667;;;;;;;;;;;;;0;0;2730;;;;;;;;;;;;;;;;;;;;;;0;0;2833;0;0;2622;;;;;;;;;;;;;;;;;;;;;;;;;;;;;;;;;;;;1;5;;;;;;;;;;;;;;;;;;;;;;
205;1020;;;;;;;0;0;7539;;;;;;;7136;0;0;5653;0;0;7626;;;;;;;;;;;;;0;0;2816;;;;;;;;;;;;;;;;;;;;;;0;0;2876;0;0;2588;;;;;;;;;;;;;;;;;;;;;;;;;;;;;;;;;;;;1;5;;;;;;;;;;;;;;;;;;;;;;
206;1025;;;;;;;0;0;7670;;;;;;;6992;0;0;5542;0;0;7415;;;;;;;;;;;;;0;0;2756;;;;;;;;;;;;;;;;;;;;;;0;0;2846;0;0;2569;;;;;;;;;;;;;;;;;;;;;;;;;;;;;;;;;;;;1;4;;;;;;;;;;;;;;;;;;;;;;
207;1030;;;;;;;0;0;7206;;;;;;;6695;0;0;5611;-1;-1;6197;;;;;;;;;;;;;0;0;2769;;;;;;;;;;;;;;;;;;;;;;0;0;2905;0;0;2636;;;;;;;;;;;;;;;;;;;;;;;;;;;;;;;;;;;;1;4;;;;;;;;;;;;;;;;;;;;;;
208;1035;;;;;;;0;0;7689;;;;;;;6643;0;0;5675;;;;;;;;;;;;;;;;0;0;2739;;;;;;;;;;;;;;;;;;;;;;0;0;2890;0;0;2614;;;;;;;;;;;;;;;;;;;;;;;;;;;;;;;;;;;;1;4;;;;;;;;;;;;;;;;;;;;;;
209;1040;;;;;;;0;0;7224;;;;;;;6444;0;0;5145;;;;;;;;;;;;;;;;0;0;2691;;;;;;;;;;;;;;;;;;;;;;0;0;2827;0;0;2581;;;;;;;;;;;;;;;;;;;;;;;;;;;;;;;;;;;;1;5;;;;;;;;;;;;;;;;;;;;;;
210;1045;;;;;;;-1;-1;6226;;;;;;;6555;-1;-1;4591;;;;;;;;;;;;;;;;0;0;2701;;;;;;;;;;;;;;;;;;;;;;0;0;2766;0;0;2608;;;;;;;;;;;;;;;;;;;;;;;;;;;;;;;;;;;;1;5;;;;;;;;;;;;;;;;;;;;;;
211;1050;;;;;;;;;;;;;;;;6680;;;;;;;;;;;;;;;;;;;-1;-1;2722;;;;;;;;;;;;;;;;;;;;;;-1;-1;2963;0;0;2605;;;;;;;;;;;;;;;;;;;;;;;;;;;;;;;;;;;;1;4;;;;;;;;;;;;;;;;;;;;;;
212;1055;;;;;;;;;;;;;;;;6804;;;;;;;;;;;;;;;;;;;;;;;;;;;;;;;;;;;;;;;;;;;;;;0;0;2659;;;;;;;;;;;;;;;;;;;;;;;;;;;;;;;;;;;;1;5;;;;;;;;;;;;;;;;;;;;;;
213;1060;;;;;;;;;;;;;;;;6569;;;;;;;;;;;;;;;;;;;;;;;;;;;;;;;;;;;;;;;;;;;;;;0;0;2704;;;;;;;;;;;;;;;;;;;;;;;;;;;;;;;;;;;;1;5;;;;;;;;;;;;;;;;;;;;;;
214;1065;;;;;;;;;;;;;;;;5958;;;;;;;;;;;;;;;;;;;;;;;;;;;;;;;;;;;;;;;;;;;;;;-1;-1;2520;;;;;;;;;;;;;;;;;;;;;;;;;;;;;;;;;;;;1;5;;;;;;;;;;;;;;;;;;;;;;
215;1070;;;;;;;;;;;;;;;;6019;;;;;;;;;;;;;;;;;;;;;;;;;;;;;;;;;;;;;;;;;;;;;;;;;;;;;;;;;;;;;;;;;;;;;;;;;;;;;;;;;;;;1;5;;;;;;;;;;;;;;;;;;;;;;
216;1075;;;;;;;;;;;;;;;;6049;;;;;;;;;;;;;;;;;;;;;;;;;;;;;;;;;;;;;;;;;;;;;;;;;;;;;;;;;;;;;;;;;;;;;;;;;;;;;;;;;;;;1;5;;;;;;;;;;;;;;;;;;;;;;
217;1080;;;;;;;;;;;;;;;;7074;;;;;;;;;;;;;;;;;;;;;;;;;;;;;;;;;;;;;;;;;;;;;;;;;;;;;;;;;;;;;;;;;;;;;;;;;;;;;;;;;;;;1;5;;;;;;;;;;;;;;;;;;;;;;
218;1085;;;;;;;;;;;;;;;;7278;;;;;;;;;;;;;;;;;;;;;;;;;;;;;;;;;;;;;;;;;;;;;;;;;;;;;;;;;;;;;;;;;;;;;;;;;;;;;;;;;;;;1;5;;;;;;;;;;;;;;;;;;;;;;
219;1090;;;;;;;;;;;;;;;;7222;;;;;;;;;;;;;;;;;;;;;;;;;;;;;;;;;;;;;;;;;;;;;;;;;;;;;;;;;;;;;;;;;;;;;;;;;;;;;;;;;;;;1;5;;;;;;;;;;;;;;;;;;;;;;
220;1095;;;;;;;;;;;;;;;;6945;;;;;;;;;;;;;;;;;;;;;;;;;;;;;;;;;;;;;;;;;;;;;;;;;;;;;;;;;;;;;;;;;;;;;;;;;;;;;;;;;;;;1;4;;;;;;;;;;;;;;;;;;;;;;
221;1100;;;;;;;;;;;;;;;;7444;;;;;;;;;;;;;;;;;;;;;;;;;;;;;;;;;;;;;;;;;;;;;;;;;;;;;;;;;;;;;;;;;;;;;;;;;;;;;;;;;;;;1;4;;;;;;;;;;;;;;;;;;;;;;
222;1105;;;;;;;;;;;;;;;;7408;;;;;;;;;;;;;;;;;;;;;;;;;;;;;;;;;;;;;;;;;;;;;;;;;;;;;;;;;;;;;;;;;;;;;;;;;;;;;;;;;;;;1;4;;;;;;;;;;;;;;;;;;;;;;
223;1110;;;;;;;;;;;;;;;;7177;;;;;;;;;;;;;;;;;;;;;;;;;;;;;;;;;;;;;;;;;;;;;;;;;;;;;;;;;;;;;;;;;;;;;;;;;;;;;;;;;;;;1;3;;;;;;;;;;;;;;;;;;;;;;
224;1115;;;;;;;;;;;;;;;;6056;;;;;;;;;;;;;;;;;;;;;;;;;;;;;;;;;;;;;;;;;;;;;;;;;;;;;;;;;;;;;;;;;;;;;;;;;;;;;;;;;;;;1;3;;;;;;;;;;;;;;;;;;;;;;
225;1120;;;;;;;;;;;;;;;;7650;;;;;;;;;;;;;;;;;;;;;;;;;;;;;;;;;;;;;;;;;;;;;;;;;;;;;;;;;;;;;;;;;;;;;;;;;;;;;;;;;;;;1;3;;;;;;;;;;;;;;;;;;;;;;
226;1125;;;;;;;;;;;;;;;;7499;;;;;;;;;;;;;;;;;;;;;;;;;;;;;;;;;;;;;;;;;;;;;;;;;;;;;;;;;;;;;;;;;;;;;;;;;;;;;;;;;;;;1;3;;;;;;;;;;;;;;;;;;;;;;
227;1130;;;;;;;;;;;;;;;;7913;;;;;;;;;;;;;;;;;;;;;;;;;;;;;;;;;;;;;;;;;;;;;;;;;;;;;;;;;;;;;;;;;;;;;;;;;;;;;;;;;;;;1;3;;;;;;;;;;;;;;;;;;;;;;
228;1135;;;;;;;;;;;;;;;;6143;;;;;;;;;;;;;;;;;;;;;;;;;;;;;;;;;;;;;;;;;;;;;;;;;;;;;;;;;;;;;;;;;;;;;;;;;;;;;;;;;;;;1;3;;;;;;;;;;;;;;;;;;;;;;
229;1140;;;;;;;;;;;;;;;;4667;;;;;;;;;;;;;;;;;;;;;;;;;;;;;;;;;;;;;;;;;;;;;;;;;;;;;;;;;;;;;;;;;;;;;;;;;;;;;;;;;;;;1;3;;;;;;;;;;;;;;;;;;;;;;
230;1145;;;;;;;;;;;;;;;;5129;;;;;;;;;;;;;;;;;;;;;;;;;;;;;;;;;;;;;;;;;;;;;;;;;;;;;;;;;;;;;;;;;;;;;;;;;;;;;;;;;;;;1;3;;;;;;;;;;;;;;;;;;;;;;
231;1150;;;;;;;;;;;;;;;;5062;;;;;;;;;;;;;;;;;;;;;;;;;;;;;;;;;;;;;;;;;;;;;;;;;;;;;;;;;;;;;;;;;;;;;;;;;;;;;;;;;;;;1;3;;;;;;;;;;;;;;;;;;;;;;
232;1155;;;;;;;;;;;;;;;;6028;;;;;;;;;;;;;;;;;;;;;;;;;;;;;;;;;;;;;;;;;;;;;;;;;;;;;;;;;;;;;;;;;;;;;;;;;;;;;;;;;;;;1;3;;;;;;;;;;;;;;;;;;;;;;
233;1160;;;;;;;;;;;;;;;;5388;;;;;;;;;;;;;;;;;;;;;;;;;;;;;;;;;;;;;;;;;;;;;;;;;;;;;;;;;;;;;;;;;;;;;;;;;;;;;;;;;;;;1;3;;;;;;;;;;;;;;;;;;;;;;
234;1165;;;;;;;;;;;;;;;;5940;;;;;;;;;;;;;;;;;;;;;;;;;;;;;;;;;;;;;;;;;;;;;;;;;;;;;;;;;;;;;;;;;;;;;;;;;;;;;;;;;;;;1;3;;;;;;;;;;;;;;;;;;;;;;
235;1170;;;;;;;;;;;;;;;;5069;;;;;;;;;;;;;;;;;;;;;;;;;;;;;;;;;;;;;;;;;;;;;;;;;;;;;;;;;;;;;;;;;;;;;;;;;;;;;;;;;;;;1;3;;;;;;;;;;;;;;;;;;;;;;
236;1175;;;;;;;;;;;;;;;;5512;;;;;;;;;;;;;;;;;;;;;;;;;;;;;;;;;;;;;;;;;;;;;;;;;;;;;;;;;;;;;;;;;;;;;;;;;;;;;;;;;;;;1;3;;;;;;;;;;;;;;;;;;;;;;
237;1180;;;;;;;;;;;;;;;;5027;;;;;;;;;;;;;;;;;;;;;;;;;;;;;;;;;;;;;;;;;;;;;;;;;;;;;;;;;;;;;;;;;;;;;;;;;;;;;;;;;;;;1;3;;;;;;;;;;;;;;;;;;;;;;
238;1185;;;;;;;;;;;;;;;;5498;;;;;;;;;;;;;;;;;;;;;;;;;;;;;;;;;;;;;;;;;;;;;;;;;;;;;;;;;;;;;;;;;;;;;;;;;;;;;;;;;;;;1;4;;;;;;;;;;;;;;;;;;;;;;
239;1190;;;;;;;;;;;;;;;;;;;;;;;;;;;;;;;;;;;;;;;;;;;;;;;;;;;;;;;;;;;;;;;;;;;;;;;;;;;;;;;;;;;;;;;;;;;;;;;;;;;;;;;;;;;;;;;;;;;;;;;;;;;
240;1195;;;;;;;;;;;;;;;;;;;;;;;;;;;;;;;;;;;;;;;;;;;;;;;;;;;;;;;;;;;;;;;;;;;;;;;;;;;;;;;;;;;;;;;;;;;;;;;;;;;;;;;;;;;;;;;;;;;;;;;;;;;
241;1200;;;;;;;;;;;;;;;;;;;;;;;;;;;;;;;;;;;;;;;;;;;;;;;;;;;;;;;;;;;;;;;;;;;;;;;;;;;;;;;;;;;;;;;;;;;;;;;;;;;;;;;;;;;;;;;;;;;;;;;;;;;
242;1205;;;;;;;;;;;;;;;;;;;;;;;;;;;;;;;;;;;;;;;;;;;;;;;;;;;;;;;;;;;;;;;;;;;;;;;;;;;;;;;;;;;;;;;;;;;;;;;;;;;;;;;;;;;;;;;;;;;;;;;;;;;
243;1210;;;;;;;;;;;;;;;;;;;;;;;;;;;;;;;;;;;;;;;;;;;;;;;;;;;;;;;;;;;;;;;;;;;;;;;;;;;;;;;;;;;;;;;;;;;;;;;;;;;;;;;;;;;;;;;;;;;;;;;;;;;
244;1215;;;;;;;;;;;;;;;;;;;;;;;;;;;;;;;;;;;;;;;;;;;;;;;;;;;;;;;;;;;;;;;;;;;;;;;;;;;;;;;;;;;;;;;;;;;;;;;;;;;;;;;;;;;;;;;;;;;;;;;;;;;
245;1220;;;;;;;;;;;;;;;;;;;;;;;;;;;;;;;;;;;;;;;;;;;;;;;;;;;;;;;;;;;;;;;;;;;;;;;;;;;;;;;;;;;;;;;;;;;;;;;;;;;;;;;;;;;;;;;;;;;;;;;;;;;
246;1225;;;;;;;;;;;;;;;;;;;;;;;;;;;;;;;;;;;;;;;;;;;;;;;;;;;;;;;;;;;;;;;;;;;;;;;;;;;;;;;;;;;;;;;;;;;;;;;;;;;;;;;;;;;;;;;;;;;;;;;;;;;
247;1230;;;;;;;;;;;;;;;;;;;;;;;;;;;;;;;;;;;;;;;;;;;;;;;;;;;;;;;;;;;;;;;;;;;;;;;;;;;;;;;;;;;;;;;;;;;;;;;;;;;;;;;;;;;;;;;;;;;;;;;;;;;
248;1235;;;;;;;;;;;;;;;;;;;;;;;;;;;;;;;;;;;;;;;;;;;;;;;;;;;;;;;;;;;;;;;;;;;;;;;;;;;;;;;;;;;;;;;;;;;;;;;;;;;;;;;;;;;;;;;;;;;;;;;;;;;
249;1240;;;;;;;;;;;;;;;;;;;;;;;;;;;;;;;;;;;;;;;;;;;;;;;;;;;;;;;;;;;;;;;;;;;;;;;;;;;;;;;;;;;;;;;;;;;;;;;;;;;;;;;;;;;;;;;;;;;;;;;;;;;
250;1245;;;;;;;;;;;;;;;;;;;;;;;;;;;;;;;;;;;;;;;;;;;;;;;;;;;;;;;;;;;;;;;;;;;;;;;;;;;;;;;;;;;;;;;;;;;;;;;;;;;;;;;;;;;;;;;;;;;;;;;;;;;
251;1250;;;;;;;;;;;;;;;;;;;;;;;;;;;;;;;;;;;;;;;;;;;;;;;;;;;;;;;;;;;;;;;;;;;;;;;;;;;;;;;;;;;;;;;;;;;;;;;;;;;;;;;;;;;;;;;;;;;;;;;;;;;
252;1255;;;;;;;;;;;;;;;;;;;;;;;;;;;;;;;;;;;;;;;;;;;;;;;;;;;;;;;;;;;;;;;;;;;;;;;;;;;;;;;;;;;;;;;;;;;;;;;;;;;;;;;;;;;;;;;;;;;;;;;;;;;
253;1260;;;;;;;;;;;;;;;;;;;;;;;;;;;;;;;;;;;;;;;;;;;;;;;;;;;;;;;;;;;;;;;;;;;;;;;;;;;;;;;;;;;;;;;;;;;;;;;;;;;;;;;;;;;;;;;;;;;;;;;;;;;
254;1265;;;;;;;;;;;;;;;;;;;;;;;;;;;;;;;;;;;;;;;;;;;;;;;;;;;;;;;;;;;;;;;;;;;;;;;;;;;;;;;;;;;;;;;;;;;;;;;;;;;;;;;;;;;;;;;;;;;;;;;;;;;
255;1270;;;;;;;;;;;;;;;;;;;;;;;;;;;;;;;;;;;;;;;;;;;;;;;;;;;;;;;;;;;;;;;;;;;;;;;;;;;;;;;;;;;;;;;;;;;;;;;;;;;;;;;;;;;;;;;;;;;;;;;;;;;
256;1275;;;;;;;;;;;;;;;;;;;;;;;;;;;;;;;;;;;;;;;;;;;;;;;;;;;;;;;;;;;;;;;;;;;;;;;;;;;;;;;;;;;;;;;;;;;;;;;;;;;;;;;;;;;;;;;;;;;;;;;;;;;
257;1280;;;;;;;;;;;;;;;;;;;;;;;;;;;;;;;;;;;;;;;;;;;;;;;;;;;;;;;;;;;;;;;;;;;;;;;;;;;;;;;;;;;;;;;;;;;;;;;;;;;;;;;;;;;;;;;;;;;;;;;;;;;
258;1285;;;;;;;;;;;;;;;;;;;;;;;;;;;;;;;;;;;;;;;;;;;;;;;;;;;;;;;;;;;;;;;;;;;;;;;;;;;;;;;;;;;;;;;;;;;;;;;;;;;;;;;;;;;;;;;;;;;;;;;;;;;
259;1290;;;;;;;;;;;;;;;;;;;;;;;;;;;;;;;;;;;;;;;;;;;;;;;;;;;;;;;;;;;;;;;;;;;;;;;;;;;;;;;;;;;;;;;;;;;;;;;;;;;;;;;;;;;;;;;;;;;;;;;;;;;
260;1295;;;;;;;;;;;;;;;;;;;;;;;;;;;;;;;;;;;;;;;;;;;;;;;;;;;;;;;;;;;;;;;;;;;;;;;;;;;;;;;;;;;;;;;;;;;;;;;;;;;;;;;;;;;;;;;;;;;;;;;;;;;
261;1300;;;;;;;;;;;;;;;;;;;;;;;;;;;;;;;;;;;;;;;;;;;;;;;;;;;;;;;;;;;;;;;;;;;;;;;;;;;;;;;;;;;;;;;;;;;;;;;;;;;;;;;;;;;;;;;;;;;;;;;;;;;
262;1305;;;;;;;;;;;;;;;;;;;;;;;;;;;;;;;;;;;;;;;;;;;;;;;;;;;;;;;;;;;;;;;;;;;;;;;;;;;;;;;;;;;;;;;;;;;;;;;;;;;;;;;;;;;;;;;;;;;;;;;;;;;
263;1310;;;;;;;;;;;;;;;;;;;;;;;;;;;;;;;;;;;;;;;;;;;;;;;;;;;;;;;;;;;;;;;;;;;;;;;;;;;;;;;;;;;;;;;;;;;;;;;;;;;;;;;;;;;;;;;;;;;;;;;;;;;
264;1315;;;;;;;;;;;;;;;;;;;;;;;;;;;;;;;;;;;;;;;;;;;;;;;;;;;;;;;;;;;;;;;;;;;;;;;;;;;;;;;;;;;;;;;;;;;;;;;;;;;;;;;;;;;;;;;;;;;;;;;;;;;
265;1320;;;;;;;;;;;;;;;;;;;;;;;;;;;;;;;;;;;;;;;;;;;;;;;;;;;;;;;;;;;;;;;;;;;;;;;;;;;;;;;;;;;;;;;;;;;;;;;;;;;;;;;;;;;;;;;;;;;;;;;;;;;
266;1325;;;;;;;;;;;;;;;;;;;;;;;;;;;;;;;;;;;;;;;;;;;;;;;;;;;;;;;;;;;;;;;;;;;;;;;;;;;;;;;;;;;;;;;;;;;;;;;;;;;;;;;;;;;;;;;;;;;;;;;;;;;
267;1330;;;;;;;;;;;;;;;;;;;;;;;;;;;;;;;;;;;;;;;;;;;;;;;;;;;;;;;;;;;;;;;;;;;;;;;;;;;;;;;;;;;;;;;;;;;;;;;;;;;;;;;;;;;;;;;;;;;;;;;;;;;
268;1335;;;;;;;;;;;;;;;;;;;;;;;;;;;;;;;;;;;;;;;;;;;;;;;;;;;;;;;;;;;;;;;;;;;;;;;;;;;;;;;;;;;;;;;;;;;;;;;;;;;;;;;;;;;;;;;;;;;;;;;;;;;
269;1340;;;;;;;;;;;;;;;;;;;;;;;;;;;;;;;;;;;;;;;;;;;;;;;;;;;;;;;;;;;;;;;;;;;;;;;;;;;;;;;;;;;;;;;;;;;;;;;;;;;;;;;;;;;;;;;;;;;;;;;;;;;
270;1345;;;;;;;;;;;;;;;;;;;;;;;;;;;;;;;;;;;;;;;;;;;;;;;;;;;;;;;;;;;;;;;;;;;;;;;;;;;;;;;;;;;;;;;;;;;;;;;;;;;;;;;;;;;;;;;;;;;;;;;;;;;
271;1350;;;;;;;;;;;;;;;;;;;;;;;;;;;;;;;;;;;;;;;;;;;;;;;;;;;;;;;;;;;;;;;;;;;;;;;;;;;;;;;;;;;;;;;;;;;;;;;;;;;;;;;;;;;;;;;;;;;;;;;;;;;
272;1355;;;;;;;;;;;;;;;;;;;;;;;;;;;;;;;;;;;;;;;;;;;;;;;;;;;;;;;;;;;;;;;;;;;;;;;;;;;;;;;;;;;;;;;;;;;;;;;;;;;;;;;;;;;;;;;;;;;;;;;;;;;
273;1360;;;;;;;;;;;;;;;;;;;;;;;;;;;;;;;;;;;;;;;;;;;;;;;;;;;;;;;;;;;;;;;;;;;;;;;;;;;;;;;;;;;;;;;;;;;;;;;;;;;;;;;;;;;;;;;;;;;;;;;;;;;
274;1365;;;;;;;;;;;;;;;;;;;;;;;;;;;;;;;;;;;;;;;;;;;;;;;;;;;;;;;;;;;;;;;;;;;;;;;;;;;;;;;;;;;;;;;;;;;;;;;;;;;;;;;;;;;;;;;;;;;;;;;;;;;
275;1370;;;;;;;;;;;;;;;;;;;;;;;;;;;;;;;;;;;;;;;;;;;;;;;;;;;;;;;;;;;;;;;;;;;;;;;;;;;;;;;;;;;;;;;;;;;;;;;;;;;;;;;;;;;;;;;;;;;;;;;;;;;
276;1375;;;;;;;;;;;;;;;;;;;;;;;;;;;;;;;;;;;;;;;;;;;;;;;;;;;;;;;;;;;;;;;;;;;;;;;;;;;;;;;;;;;;;;;;;;;;;;;;;;;;;;;;;;;;;;;;;;;;;;;;;;;
277;1380;;;;;;;;;;;;;;;;;;;;;;;;;;;;;;;;;;;;;;;;;;;;;;;;;;;;;;;;;;;;;;;;;;;;;;;;;;;;;;;;;;;;;;;;;;;;;;;;;;;;;;;;;;;;;;;;;;;;;;;;;;;
278;1385;;;;;;;;;;;;;;;;;;;;;;;;;;;;;;;;;;;;;;;;;;;;;;;;;;;;;;;;;;;;;;;;;;;;;;;;;;;;;;;;;;;;;;;;;;;;;;;;;;;;;;;;;;;;;;;;;;;;;;;;;;;
279;1390;;;;;;;;;;;;;;;;;;;;;;;;;;;;;;;;;;;;;;;;;;;;;;;;;;;;;;;;;;;;;;;;;;;;;;;;;;;;;;;;;;;;;;;;;;;;;;;;;;;;;;;;;;;;;;;;;;;;;;;;;;;
280;1395;;;;;;;;;;;;;;;;;;;;;;;;;;;;;;;;;;;;;;;;;;;;;;;;;;;;;;;;;;;;;;;;;;;;;;;;;;;;;;;;;;;;;;;;;;;;;;;;;;;;;;;;;;;;;;;;;;;;;;;;;;;
281;1400;;;;;;;;;;;;;;;;;;;;;;;;;;;;;;;;;;;;;;;;;;;;;;;;;;;;;;;;;;;;;;;;;;;;;;;;;;;;;;;;;;;;;;;;;;;;;;;;;;;;;;;;;;;;;;;;;;;;;;;;;;;
282;1405;;;;;;;;;;;;;;;;;;;;;;;;;;;;;;;;;;;;;;;;;;;;;;;;;;;;;;;;;;;;;;;;;;;;;;;;;;;;;;;;;;;;;;;;;;;;;;;;;;;;;;;;;;;;;;;;;;;;;;;;;;;
283;1410;;;;;;;;;;;;;;;;;;;;;;;;;;;;;;;;;;;;;;;;;;;;;;;;;;;;;;;;;;;;;;;;;;;;;;;;;;;;;;;;;;;;;;;;;;;;;;;;;;;;;;;;;;;;;;;;;;;;;;;;;;;
284;1415;;;;;;;;;;;;;;;;;;;;;;;;;;;;;;;;;;;;;;;;;;;;;;;;;;;;;;;;;;;;;;;;;;;;;;;;;;;;;;;;;;;;;;;;;;;;;;;;;;;;;;;;;;;;;;;;;;;;;;;;;;;